ISO-10303-21;
HEADER;
FILE_DESCRIPTION (( 'STEP AP203' ),
    '1' );
FILE_NAME ('AF2-1206.STEP',
    '2017-09-25T00:28:52',
    ( '' ),
    ( '' ),
    'SwSTEP 2.0',
    'SolidWorks 2011',
    '' );
FILE_SCHEMA (( 'CONFIG_CONTROL_DESIGN' ));
ENDSEC;

DATA;
#1 = PLANE ( 'NONE',  #2475 ) ;
#2 = DIRECTION ( 'NONE',  ( -0.0000000000000000000, -0.0000000000000000000, 1.000000000000000000 ) ) ;
#3 = CARTESIAN_POINT ( 'NONE',  ( -0.2500000000000000000, 0.5000000000000000000, 0.2899999999999999800 ) ) ;
#4 = CARTESIAN_POINT ( 'NONE',  ( -0.2500000000000002200, -0.5000000000000000000, 0.2899999999999999800 ) ) ;
#5 = DIRECTION ( 'NONE',  ( 0.0000000000000000000, -1.000000000000000000, 0.0000000000000000000 ) ) ;
#6 = DIRECTION ( 'NONE',  ( 0.0000000000000000000, -0.0000000000000000000, -1.000000000000000000 ) ) ;
#7 = FACE_OUTER_BOUND ( 'NONE', #1109, .T. ) ;
#8 = CARTESIAN_POINT ( 'NONE',  ( 0.2500000000000001100, 0.0000000000000000000, 0.2899999999999999800 ) ) ;
#9 = CYLINDRICAL_SURFACE ( 'NONE', #2465, 0.5000000000000000000 ) ;
#10 = DIRECTION ( 'NONE',  ( 1.000000000000000000, 0.0000000000000000000, 0.0000000000000000000 ) ) ;
#11 = FACE_OUTER_BOUND ( 'NONE', #1121, .T. ) ;
#12 = PLANE ( 'NONE',  #2468 ) ;
#13 = CARTESIAN_POINT ( 'NONE',  ( -5.000000000000000000, 1.146659159242019700E-016, 0.5910000000000000800 ) ) ;
#14 = DIRECTION ( 'NONE',  ( -0.0000000000000000000, 1.000000000000000000, 0.0000000000000000000 ) ) ;
#15 = DIRECTION ( 'NONE',  ( 0.0000000000000000000, -0.0000000000000000000, 1.000000000000000000 ) ) ;
#16 = LINE ( 'NONE', #13, #1224 ) ;
#17 = LINE ( 'NONE', #24, #2474 ) ;
#18 = LINE ( 'NONE', #27, #2473 ) ;
#19 = LINE ( 'NONE', #20, #1234 ) ;
#20 = CARTESIAN_POINT ( 'NONE',  ( -1.599999999999999900, -0.7999999999999999300, 0.0000000000000000000 ) ) ;
#21 = DIRECTION ( 'NONE',  ( 1.000000000000000000, 0.0000000000000000000, 0.0000000000000000000 ) ) ;
#22 = LINE ( 'NONE', #30, #2472 ) ;
#23 = DIRECTION ( 'NONE',  ( 1.000000000000000000, -0.0000000000000000000, -0.0000000000000000000 ) ) ;
#24 = CARTESIAN_POINT ( 'NONE',  ( 0.7500000000000001100, 0.8000000000000000400, 0.0000000000000000000 ) ) ;
#25 = LINE ( 'NONE', #32, #2464 ) ;
#26 = DIRECTION ( 'NONE',  ( 0.0000000000000000000, -1.000000000000000000, 0.0000000000000000000 ) ) ;
#27 = CARTESIAN_POINT ( 'NONE',  ( 1.600000000000000100, 0.8000000000000001600, 0.0000000000000000000 ) ) ;
#28 = LINE ( 'NONE', #35, #2478 ) ;
#29 = DIRECTION ( 'NONE',  ( -0.0000000000000000000, 1.000000000000000000, -0.0000000000000000000 ) ) ;
#30 = CARTESIAN_POINT ( 'NONE',  ( 0.7500000000000001100, 0.8000000000000000400, 0.08000000000000000200 ) ) ;
#31 = DIRECTION ( 'NONE',  ( 0.0000000000000000000, -1.000000000000000000, 0.0000000000000000000 ) ) ;
#32 = CARTESIAN_POINT ( 'NONE',  ( 1.600000000000000100, 0.8000000000000001600, 0.0000000000000000000 ) ) ;
#33 = CARTESIAN_POINT ( 'NONE',  ( 1.600000000000000100, -0.5999999999999996400, 0.0000000000000000000 ) ) ;
#34 = DIRECTION ( 'NONE',  ( -0.0000000000000000000, 1.000000000000000000, -0.0000000000000000000 ) ) ;
#35 = CARTESIAN_POINT ( 'NONE',  ( 1.600000000000000100, 0.5999999999999994200, 0.0000000000000000000 ) ) ;
#36 = DIRECTION ( 'NONE',  ( 0.0000000000000000000, 0.0000000000000000000, -1.000000000000000000 ) ) ;
#37 = CARTESIAN_POINT ( 'NONE',  ( 1.000000000000000000, 0.003866299039744423600, 0.5910000000000048500 ) ) ;
#38 = CARTESIAN_POINT ( 'NONE',  ( 0.9999999999999692500, -4.072456438286185300E-014, 0.5910000000003691200 ) ) ;
#39 = LINE ( 'NONE', #33, #2467 ) ;
#40 = CARTESIAN_POINT ( 'NONE',  ( 1.600000000000000100, -1.444555015056670400E-016, 0.0000000000000000000 ) ) ;
#41 = DIRECTION ( 'NONE',  ( 0.0000000000000000000, 0.0000000000000000000, 1.000000000000000000 ) ) ;
#42 = DIRECTION ( 'NONE',  ( 1.000000000000000000, 0.0000000000000000000, 0.0000000000000000000 ) ) ;
#43 = DIRECTION ( 'NONE',  ( -0.0000000000000000000, -0.0000000000000000000, 1.000000000000000000 ) ) ;
#44 = CARTESIAN_POINT ( 'NONE',  ( 1.550000000000000000, 0.6480740698407855300, 0.0000000000000000000 ) ) ;
#45 = LINE ( 'NONE', #44, #2460 ) ;
#46 = CARTESIAN_POINT ( 'NONE',  ( 1.000038328844443700, 0.007757484151073240100, 0.5905545692865222800 ) ) ;
#47 = CARTESIAN_POINT ( 'NONE',  ( 1.000110662552347000, 0.01152314265359491800, 0.5896811552138727700 ) ) ;
#48 = CARTESIAN_POINT ( 'NONE',  ( 1.000217092855502800, 0.01706385372207152800, 0.5883960320364918200 ) ) ;
#49 = CARTESIAN_POINT ( 'NONE',  ( 1.000401157220577100, 0.02245787916759588200, 0.5861406356933573900 ) ) ;
#50 = CARTESIAN_POINT ( 'NONE',  ( 1.000619673218541100, 0.02726213247988569500, 0.5831019272498246800 ) ) ;
#51 = CARTESIAN_POINT ( 'NONE',  ( 1.000838727092302300, 0.03207821143242139300, 0.5800557390439794500 ) ) ;
#52 = CARTESIAN_POINT ( 'NONE',  ( 1.001096736099369400, 0.03643429689279166500, 0.5761387333662763000 ) ) ;
#53 = CARTESIAN_POINT ( 'NONE',  ( 1.001333007704132900, 0.03997289500923947900, 0.5716728221758076200 ) ) ;
#54 = CARTESIAN_POINT ( 'NONE',  ( 1.001569884393840100, 0.04352055537607656800, 0.5671954739122122600 ) ) ;
#55 = CARTESIAN_POINT ( 'NONE',  ( 1.001789585176364300, 0.04634435826267167800, 0.5620423799549582000 ) ) ;
#56 = CARTESIAN_POINT ( 'NONE',  ( 1.001939902375921000, 0.04820912392770059000, 0.5566397226576534900 ) ) ;
#57 = CARTESIAN_POINT ( 'NONE',  ( 1.002090019331238100, 0.05007140545529331600, 0.5512442624808764300 ) ) ;
#58 = CARTESIAN_POINT ( 'NONE',  ( 1.002173849179234700, 0.05102836704686054800, 0.5454504466337255500 ) ) ;
#59 = CARTESIAN_POINT ( 'NONE',  ( 1.002171373036856000, 0.05099934100908989200, 0.5397407382816882300 ) ) ;
#60 = CARTESIAN_POINT ( 'NONE',  ( 1.002168904728049100, 0.05097040679865127300, 0.5340490932729435900 ) ) ;
#61 = CARTESIAN_POINT ( 'NONE',  ( 1.002080656306795200, 0.04996109951791808500, 0.5282841659607260300 ) ) ;
#62 = CARTESIAN_POINT ( 'NONE',  ( 1.001927574918177500, 0.04805595027410632100, 0.5229229498082180700 ) ) ;
#63 = CARTESIAN_POINT ( 'NONE',  ( 1.001774500880666000, 0.04615089251727146800, 0.5175619911061225500 ) ) ;
#64 = CARTESIAN_POINT ( 'NONE',  ( 1.001553649480844600, 0.04329816216316700200, 0.5124572018846362800 ) ) ;
#65 = CARTESIAN_POINT ( 'NONE',  ( 1.001317048145591100, 0.03973314937040406400, 0.5080269356941006200 ) ) ;
#66 = CARTESIAN_POINT ( 'NONE',  ( 1.001079703523346100, 0.03615693703123736700, 0.5035827517493614000 ) ) ;
#67 = CARTESIAN_POINT ( 'NONE',  ( 1.000821823401707400, 0.03176539792862150000, 0.4996948076352908400 ) ) ;
#68 = CARTESIAN_POINT ( 'NONE',  ( 1.000604197623525600, 0.02691973427546673700, 0.4966833991807035300 ) ) ;
#69 = CARTESIAN_POINT ( 'NONE',  ( 1.000386259439145100, 0.02206711457430321500, 0.4936676677884788700 ) ) ;
#70 = CARTESIAN_POINT ( 'NONE',  ( 1.000204381873060400, 0.01662450596835524100, 0.4914479115111674600 ) ) ;
#71 = CARTESIAN_POINT ( 'NONE',  ( 1.000101641778238700, 0.01104354122709925000, 0.4902100391929721200 ) ) ;
#72 = CARTESIAN_POINT ( 'NONE',  ( 1.000035094715814800, 0.007428625262058104700, 0.4894082415445033500 ) ) ;
#73 = CARTESIAN_POINT ( 'NONE',  ( 1.000000000000000400, 0.003703366767539711900, 0.4889999999999999300 ) ) ;
#74 = CARTESIAN_POINT ( 'NONE',  ( 0.9999999999999829000, 4.638426226939643100E-014, 0.4889999999997927700 ) ) ;
#75 = LINE ( 'NONE', #76, #2462 ) ;
#76 = CARTESIAN_POINT ( 'NONE',  ( 1.550000000000000300, 2.699619867232984400E-016, 0.08000000000000000200 ) ) ;
#77 = DIRECTION ( 'NONE',  ( 1.741690236924505800E-016, -1.000000000000000000, 0.0000000000000000000 ) ) ;
#78 = LINE ( 'NONE', #79, #2466 ) ;
#79 = CARTESIAN_POINT ( 'NONE',  ( 1.550000000000000300, 2.699619867232984400E-016, 0.08000000000000000200 ) ) ;
#80 = DIRECTION ( 'NONE',  ( 1.741690236924505800E-016, -1.000000000000000000, 0.0000000000000000000 ) ) ;
#81 = LINE ( 'NONE', #82, #2476 ) ;
#82 = CARTESIAN_POINT ( 'NONE',  ( 1.550000000000000500, -0.6480740698407857500, 0.0000000000000000000 ) ) ;
#83 = DIRECTION ( 'NONE',  ( -0.0000000000000000000, -0.0000000000000000000, 1.000000000000000000 ) ) ;
#84 = CARTESIAN_POINT ( 'NONE',  ( 0.9499999999999730900, -3.843036662378502400E-014, 0.5910000000003504700 ) ) ;
#85 = CARTESIAN_POINT ( 'NONE',  ( 0.9500000000000001800, 0.003876699159950557100, 0.5910000000000046300 ) ) ;
#86 = CARTESIAN_POINT ( 'NONE',  ( 1.600000000000000100, -1.444555015056670400E-016, 0.08000000000000000200 ) ) ;
#87 = DIRECTION ( 'NONE',  ( -0.0000000000000000000, -0.0000000000000000000, 1.000000000000000000 ) ) ;
#88 = DIRECTION ( 'NONE',  ( -1.000000000000000000, 0.0000000000000000000, 0.0000000000000000000 ) ) ;
#89 = DIRECTION ( 'NONE',  ( 0.0000000000000000000, 0.0000000000000000000, -1.000000000000000000 ) ) ;
#90 = LINE ( 'NONE', #123, #2470 ) ;
#91 = CARTESIAN_POINT ( 'NONE',  ( 0.9500355754355848100, 0.007778464455847314400, 0.5905521491364187400 ) ) ;
#92 = CARTESIAN_POINT ( 'NONE',  ( 0.9501026930609487400, 0.01155380601222046900, 0.5896740331222660700 ) ) ;
#93 = CARTESIAN_POINT ( 'NONE',  ( 0.9502012329732357800, 0.01709663956452283200, 0.5883848117807313200 ) ) ;
#94 = CARTESIAN_POINT ( 'NONE',  ( 0.9503714729602302800, 0.02249228711861164800, 0.5861242998885071200 ) ) ;
#95 = CARTESIAN_POINT ( 'NONE',  ( 0.9505734272603411100, 0.02729700752133242000, 0.5830798488899431300 ) ) ;
#96 = CARTESIAN_POINT ( 'NONE',  ( 0.9507758064124387500, 0.03211183563163108600, 0.5800289932688728100 ) ) ;
#97 = CARTESIAN_POINT ( 'NONE',  ( 0.9510140340115332800, 0.03646592171006823200, 0.5761070669026628900 ) ) ;
#98 = CARTESIAN_POINT ( 'NONE',  ( 0.9512320262025922800, 0.04000145215870942000, 0.5716367480186332900 ) ) ;
#99 = CARTESIAN_POINT ( 'NONE',  ( 0.9514504929245233300, 0.04354467883875701200, 0.5671566980322723100 ) ) ;
#100 = CARTESIAN_POINT ( 'NONE',  ( 0.9516529438160574700, 0.04636348540199122100, 0.5620018433035818300 ) ) ;
#101 = CARTESIAN_POINT ( 'NONE',  ( 0.9517913039226016900, 0.04822329654470373200, 0.5565986044703036300 ) ) ;
#102 = CARTESIAN_POINT ( 'NONE',  ( 0.9519295056793927200, 0.05008097917911382600, 0.5512015495115342200 ) ) ;
#103 = CARTESIAN_POINT ( 'NONE',  ( 0.9520064494950352100, 0.05103292716455629100, 0.5454072751599321500 ) ) ;
#104 = CARTESIAN_POINT ( 'NONE',  ( 0.9520037876087104100, 0.05099910515432664500, 0.5396978850252740500 ) ) ;
#105 = CARTESIAN_POINT ( 'NONE',  ( 0.9520011328886215400, 0.05096537419851125700, 0.5340038655078850300 ) ) ;
#106 = CARTESIAN_POINT ( 'NONE',  ( 0.9519192714398975200, 0.04995040143588016400, 0.5282373329873494300 ) ) ;
#107 = CARTESIAN_POINT ( 'NONE',  ( 0.9517776231668040300, 0.04803904841606840300, 0.5228754612535503300 ) ) ;
#108 = CARTESIAN_POINT ( 'NONE',  ( 0.9516359792996684800, 0.04612775484873562300, 0.5175137563003320300 ) ) ;
#109 = CARTESIAN_POINT ( 'NONE',  ( 0.9514318135748559600, 0.04326795608381092700, 0.5124091103426996500 ) ) ;
#110 = CARTESIAN_POINT ( 'NONE',  ( 0.9512132493072060800, 0.03969574442538772300, 0.5079805078973086400 ) ) ;
#111 = CARTESIAN_POINT ( 'NONE',  ( 0.9509940997784138700, 0.03611396726617068600, 0.5035400467480507500 ) ) ;
#112 = CARTESIAN_POINT ( 'NONE',  ( 0.9507561495590644000, 0.03171722768529222600, 0.4996568213446862000 ) ) ;
#113 = CARTESIAN_POINT ( 'NONE',  ( 0.9505555173156173800, 0.02686752520821191300, 0.4966509966759775100 ) ) ;
#114 = CARTESIAN_POINT ( 'NONE',  ( 0.9503546417521316900, 0.02201194117503849400, 0.4936415266441813700 ) ) ;
#115 = CARTESIAN_POINT ( 'NONE',  ( 0.9501872058744983400, 0.01656775924740892100, 0.4914286667980403100 ) ) ;
#116 = CARTESIAN_POINT ( 'NONE',  ( 0.9500928572040767700, 0.01098661653279553500, 0.4901974472826812200 ) ) ;
#117 = CARTESIAN_POINT ( 'NONE',  ( 0.9500320496859073800, 0.007389581879224079900, 0.4894039289138884500 ) ) ;
#118 = CARTESIAN_POINT ( 'NONE',  ( 0.9500000000000002900, 0.003684023242987520100, 0.4889999999999999300 ) ) ;
#119 = CARTESIAN_POINT ( 'NONE',  ( 0.9499999999999855200, 4.262279626278110400E-014, 0.4889999999998083700 ) ) ;
#120 = LINE ( 'NONE', #121, #2457 ) ;
#121 = CARTESIAN_POINT ( 'NONE',  ( 0.7500000000000001100, -0.8000000000000002700, 1.080000000000000100 ) ) ;
#122 = DIRECTION ( 'NONE',  ( 0.0000000000000000000, 1.000000000000000000, 0.0000000000000000000 ) ) ;
#123 = CARTESIAN_POINT ( 'NONE',  ( 1.600000000000000100, 0.8000000000000001600, 1.080000000000000100 ) ) ;
#124 = CARTESIAN_POINT ( 'NONE',  ( 1.600000000000000100, 0.8000000000000001600, 1.080000000000000100 ) ) ;
#125 = DIRECTION ( 'NONE',  ( -0.0000000000000000000, 1.000000000000000000, -0.0000000000000000000 ) ) ;
#126 = LINE ( 'NONE', #154, #2455 ) ;
#127 = LINE ( 'NONE', #124, #2456 ) ;
#128 = CARTESIAN_POINT ( 'NONE',  ( 1.600000000000000100, -1.444555015056670400E-016, 1.080000000000000100 ) ) ;
#129 = DIRECTION ( 'NONE',  ( 0.0000000000000000000, 0.0000000000000000000, 1.000000000000000000 ) ) ;
#130 = DIRECTION ( 'NONE',  ( 1.000000000000000000, 0.0000000000000000000, 0.0000000000000000000 ) ) ;
#131 = DIRECTION ( 'NONE',  ( -0.0000000000000000000, 1.000000000000000000, -0.0000000000000000000 ) ) ;
#132 = LINE ( 'NONE', #133, #2453 ) ;
#133 = CARTESIAN_POINT ( 'NONE',  ( 0.7500000000000001100, 0.8000000000000001600, 1.000000000000000000 ) ) ;
#134 = DIRECTION ( 'NONE',  ( -0.0000000000000000000, -0.0000000000000000000, 1.000000000000000000 ) ) ;
#135 = LINE ( 'NONE', #136, #2452 ) ;
#136 = CARTESIAN_POINT ( 'NONE',  ( 1.550000000000000000, 0.8000000000000001600, 1.080000000000000100 ) ) ;
#137 = DIRECTION ( 'NONE',  ( 0.0000000000000000000, 0.0000000000000000000, 1.000000000000000000 ) ) ;
#138 = LINE ( 'NONE', #139, #2451 ) ;
#139 = CARTESIAN_POINT ( 'NONE',  ( -1.600000000000000100, 0.8000000000000001600, 0.07999999999999998800 ) ) ;
#140 = DIRECTION ( 'NONE',  ( 1.000000000000000000, 0.0000000000000000000, 0.0000000000000000000 ) ) ;
#141 = LINE ( 'NONE', #142, #2450 ) ;
#142 = CARTESIAN_POINT ( 'NONE',  ( 0.7500000000000001100, 0.8000000000000000400, 0.08000000000000000200 ) ) ;
#143 = DIRECTION ( 'NONE',  ( -0.0000000000000000000, -0.0000000000000000000, -1.000000000000000000 ) ) ;
#144 = LINE ( 'NONE', #145, #2449 ) ;
#145 = CARTESIAN_POINT ( 'NONE',  ( -1.600000000000000100, 0.8000000000000001600, 0.0000000000000000000 ) ) ;
#146 = DIRECTION ( 'NONE',  ( -1.000000000000000000, -0.0000000000000000000, -0.0000000000000000000 ) ) ;
#147 = LINE ( 'NONE', #148, #2448 ) ;
#148 = CARTESIAN_POINT ( 'NONE',  ( -1.599999999999999900, -0.7999999999999999300, 1.000000000000000000 ) ) ;
#149 = DIRECTION ( 'NONE',  ( 1.000000000000000000, 0.0000000000000000000, 0.0000000000000000000 ) ) ;
#150 = LINE ( 'NONE', #152, #2447 ) ;
#151 = CARTESIAN_POINT ( 'NONE',  ( -0.9500000000000000700, -2.412831099714667200E-017, 0.0000000000000000000 ) ) ;
#152 = CARTESIAN_POINT ( 'NONE',  ( -0.7500000000000000000, -0.8000000000000002700, 1.000000000000000000 ) ) ;
#153 = DIRECTION ( 'NONE',  ( -0.0000000000000000000, -1.000000000000000000, -0.0000000000000000000 ) ) ;
#154 = CARTESIAN_POINT ( 'NONE',  ( -1.549999999999999800, -0.6480740698407858600, 0.0000000000000000000 ) ) ;
#155 = LINE ( 'NONE', #151, #2443 ) ;
#156 = DIRECTION ( 'NONE',  ( 0.0000000000000000000, 0.0000000000000000000, -1.000000000000000000 ) ) ;
#157 = LINE ( 'NONE', #158, #2439 ) ;
#158 = CARTESIAN_POINT ( 'NONE',  ( -1.599999999999999900, 0.5999999999999997600, 0.0000000000000000000 ) ) ;
#159 = CARTESIAN_POINT ( 'NONE',  ( -1.599999999999999900, -2.412831099714667200E-017, 1.000000000000000000 ) ) ;
#160 = DIRECTION ( 'NONE',  ( -0.0000000000000000000, -0.0000000000000000000, -1.000000000000000000 ) ) ;
#161 = DIRECTION ( 'NONE',  ( 1.000000000000000000, 0.0000000000000000000, 0.0000000000000000000 ) ) ;
#162 = DIRECTION ( 'NONE',  ( -0.0000000000000000000, -0.0000000000000000000, 1.000000000000000000 ) ) ;
#163 = LINE ( 'NONE', #164, #2441 ) ;
#164 = CARTESIAN_POINT ( 'NONE',  ( -0.9500000000000000700, -2.412831099714667200E-017, 0.0000000000000000000 ) ) ;
#165 = DIRECTION ( 'NONE',  ( -0.0000000000000000000, -0.0000000000000000000, 1.000000000000000000 ) ) ;
#166 = CARTESIAN_POINT ( 'NONE',  ( -1.599999999999999900, -2.412831099714667200E-017, 0.08000000000000000200 ) ) ;
#167 = DIRECTION ( 'NONE',  ( -0.0000000000000000000, -0.0000000000000000000, 1.000000000000000000 ) ) ;
#168 = DIRECTION ( 'NONE',  ( -1.000000000000000000, 0.0000000000000000000, 0.0000000000000000000 ) ) ;
#169 = CARTESIAN_POINT ( 'NONE',  ( -1.000000000000000000, -2.412831099714667200E-017, 0.0000000000000000000 ) ) ;
#170 = DIRECTION ( 'NONE',  ( -0.0000000000000000000, -0.0000000000000000000, 1.000000000000000000 ) ) ;
#171 = CARTESIAN_POINT ( 'NONE',  ( -1.000000000000000000, -2.412831099714667200E-017, 0.0000000000000000000 ) ) ;
#172 = CARTESIAN_POINT ( 'NONE',  ( 1.600000000000000100, -0.5999999999999996400, 1.080000000000000100 ) ) ;
#173 = LINE ( 'NONE', #169, #2437 ) ;
#174 = CARTESIAN_POINT ( 'NONE',  ( -1.599999999999999900, -2.412831099714667200E-017, 1.080000000000000100 ) ) ;
#175 = DIRECTION ( 'NONE',  ( 0.0000000000000000000, 0.0000000000000000000, 1.000000000000000000 ) ) ;
#176 = DIRECTION ( 'NONE',  ( 1.000000000000000000, 0.0000000000000000000, 0.0000000000000000000 ) ) ;
#177 = CARTESIAN_POINT ( 'NONE',  ( 1.550000000000000500, -0.6480740698407857500, 0.08000000000000000200 ) ) ;
#178 = DIRECTION ( 'NONE',  ( -0.0000000000000000000, -0.0000000000000000000, 1.000000000000000000 ) ) ;
#179 = CARTESIAN_POINT ( 'NONE',  ( -0.7500000000000000000, 0.8000000000000001600, 1.000000000000000000 ) ) ;
#180 = CARTESIAN_POINT ( 'NONE',  ( -0.9999999999999824600, -4.616758075697451700E-014, 0.4889999999997927700 ) ) ;
#181 = CARTESIAN_POINT ( 'NONE',  ( -0.9500000000000000700, -2.412831099714667200E-017, 1.000000000000000000 ) ) ;
#182 = CARTESIAN_POINT ( 'NONE',  ( 1.550000000000000000, 0.6480740698407855300, 0.08000000000000000200 ) ) ;
#183 = CARTESIAN_POINT ( 'NONE',  ( 0.7500000000000000000, 0.8000000000000001600, 0.0000000000000000000 ) ) ;
#184 = CARTESIAN_POINT ( 'NONE',  ( 1.550000000000000000, 0.8000000000000001600, 0.07999999999999998800 ) ) ;
#185 = CARTESIAN_POINT ( 'NONE',  ( 1.600000000000000100, -0.7999999999999999300, 0.0000000000000000000 ) ) ;
#186 = CARTESIAN_POINT ( 'NONE',  ( 1.550000000000000300, -0.7999999999999999300, 1.000000000000000000 ) ) ;
#187 = CARTESIAN_POINT ( 'NONE',  ( 0.7500000000000001100, 0.8000000000000001600, 1.080000000000000100 ) ) ;
#188 = CARTESIAN_POINT ( 'NONE',  ( 0.9999999999999829000, 4.638426226939643100E-014, 0.4889999999997927700 ) ) ;
#189 = CARTESIAN_POINT ( 'NONE',  ( -1.600000000000000100, 0.8000000000000001600, 1.080000000000000100 ) ) ;
#190 = CARTESIAN_POINT ( 'NONE',  ( -1.549999999999999800, -0.7999999999999999300, 1.000000000000000000 ) ) ;
#191 = CARTESIAN_POINT ( 'NONE',  ( 0.7500000000000001100, -0.7999999999999999300, 0.0000000000000000000 ) ) ;
#192 = CARTESIAN_POINT ( 'NONE',  ( 1.550000000000000000, 0.8000000000000001600, 1.000000000000000000 ) ) ;
#193 = CARTESIAN_POINT ( 'NONE',  ( 1.550000000000000000, 0.6480740698407855300, 1.000000000000000000 ) ) ;
#194 = CARTESIAN_POINT ( 'NONE',  ( 1.600000000000000100, 0.8000000000000001600, 0.0000000000000000000 ) ) ;
#195 = CARTESIAN_POINT ( 'NONE',  ( 1.600000000000000100, 0.5999999999999994200, 0.0000000000000000000 ) ) ;
#196 = CARTESIAN_POINT ( 'NONE',  ( 0.7500000000000001100, 0.8000000000000000400, 0.08000000000000000200 ) ) ;
#197 = CARTESIAN_POINT ( 'NONE',  ( 0.7500000000000001100, 0.8000000000000001600, 1.000000000000000000 ) ) ;
#198 = CARTESIAN_POINT ( 'NONE',  ( 0.7500000000000001100, -0.7999999999999999300, 0.08000000000000000200 ) ) ;
#199 = CARTESIAN_POINT ( 'NONE',  ( 1.550000000000000500, -0.7999999999999999300, 0.07999999999999998800 ) ) ;
#200 = CARTESIAN_POINT ( 'NONE',  ( 0.7500000000000001100, -0.8000000000000002700, 1.000000000000000000 ) ) ;
#201 = CARTESIAN_POINT ( 'NONE',  ( 0.9499999999999730900, -3.843036662378502400E-014, 0.5910000000003504700 ) ) ;
#202 = CARTESIAN_POINT ( 'NONE',  ( 0.9499999999999855200, 4.262279626278110400E-014, 0.4889999999998083700 ) ) ;
#203 = CARTESIAN_POINT ( 'NONE',  ( 1.600000000000000100, 0.8000000000000001600, 1.080000000000000100 ) ) ;
#204 = CARTESIAN_POINT ( 'NONE',  ( 1.600000000000000100, 0.5999999999999994200, 1.080000000000000100 ) ) ;
#205 = CARTESIAN_POINT ( 'NONE',  ( 0.7500000000000001100, -0.8000000000000002700, 1.080000000000000100 ) ) ;
#206 = CARTESIAN_POINT ( 'NONE',  ( 0.9999999999999692500, -4.072456438286185300E-014, 0.5910000000003691200 ) ) ;
#207 = CARTESIAN_POINT ( 'NONE',  ( 1.550000000000000500, -0.6480740698407857500, 1.000000000000000000 ) ) ;
#208 = CARTESIAN_POINT ( 'NONE',  ( 1.600000000000000100, -0.7999999999999999300, 1.080000000000000100 ) ) ;
#209 = CARTESIAN_POINT ( 'NONE',  ( 1.600000000000000100, -0.5999999999999996400, 0.0000000000000000000 ) ) ;
#210 = CARTESIAN_POINT ( 'NONE',  ( -0.9999999999999688000, 4.081510198924277200E-014, 0.5910000000003691200 ) ) ;
#211 = CARTESIAN_POINT ( 'NONE',  ( -1.599999999999999900, 0.5999999999999997600, 1.080000000000000100 ) ) ;
#212 = CARTESIAN_POINT ( 'NONE',  ( -1.549999999999999800, -0.6480740698407858600, 1.000000000000000000 ) ) ;
#213 = CARTESIAN_POINT ( 'NONE',  ( -0.9499999999999725300, 3.865969844195925900E-014, 0.5910000000003504700 ) ) ;
#214 = CARTESIAN_POINT ( 'NONE',  ( -0.7500000000000000000, 0.8000000000000000400, 0.08000000000000000200 ) ) ;
#215 = CARTESIAN_POINT ( 'NONE',  ( -0.7500000000000000000, 0.8000000000000000400, 0.0000000000000000000 ) ) ;
#216 = CARTESIAN_POINT ( 'NONE',  ( 0.9499999999999730900, -3.843036662378502400E-014, 0.5910000000003504700 ) ) ;
#217 = CARTESIAN_POINT ( 'NONE',  ( -0.9499999999999725300, 3.852090420431655000E-014, 0.5910000000003504700 ) ) ;
#218 = CARTESIAN_POINT ( 'NONE',  ( -1.599999999999999900, 0.5999999999999997600, 0.0000000000000000000 ) ) ;
#219 = CARTESIAN_POINT ( 'NONE',  ( -0.9499999999999850800, -4.240894032178348900E-014, 0.4889999999998083700 ) ) ;
#220 = CARTESIAN_POINT ( 'NONE',  ( -1.599999999999999900, -0.5999999999999997600, 0.0000000000000000000 ) ) ;
#221 = CARTESIAN_POINT ( 'NONE',  ( -1.549999999999999800, -0.7999999999999999300, 0.07999999999999998800 ) ) ;
#222 = CARTESIAN_POINT ( 'NONE',  ( -1.550000000000000300, 0.6480740698407858600, 0.08000000000000000200 ) ) ;
#223 = CARTESIAN_POINT ( 'NONE',  ( -0.7500000000000000000, -0.7999999999999999300, 0.0000000000000000000 ) ) ;
#224 = CARTESIAN_POINT ( 'NONE',  ( -1.599999999999999900, -0.7999999999999999300, 0.0000000000000000000 ) ) ;
#225 = CARTESIAN_POINT ( 'NONE',  ( 0.7500000000000001100, 0.0000000000000000000, 0.2899999999999999800 ) ) ;
#226 = CARTESIAN_POINT ( 'NONE',  ( -1.599999999999999900, -0.5999999999999997600, 1.080000000000000100 ) ) ;
#227 = CARTESIAN_POINT ( 'NONE',  ( -0.7500000000000000000, -0.8000000000000002700, 1.080000000000000100 ) ) ;
#228 = CARTESIAN_POINT ( 'NONE',  ( 0.2500000000000000000, 0.5000000000000000000, 0.2899999999999999800 ) ) ;
#229 = CARTESIAN_POINT ( 'NONE',  ( -1.600000000000000100, 0.8000000000000001600, 0.0000000000000000000 ) ) ;
#230 = CARTESIAN_POINT ( 'NONE',  ( -0.9499999999999850800, -4.240894032178348900E-014, 0.4889999999998083700 ) ) ;
#231 = CARTESIAN_POINT ( 'NONE',  ( -1.550000000000000300, 0.6480740698407858600, 1.000000000000000000 ) ) ;
#232 = CARTESIAN_POINT ( 'NONE',  ( -1.550000000000000300, 0.6480740698407858600, 0.08000000000000000200 ) ) ;
#233 = CARTESIAN_POINT ( 'NONE',  ( 0.7500000000000439600, -4.831206663169627800E-014, 0.5910000000004301800 ) ) ;
#234 = CARTESIAN_POINT ( 'NONE',  ( 0.7500000000000266500, 5.952340909381734000E-014, 0.4889999999997389800 ) ) ;
#235 = CARTESIAN_POINT ( 'NONE',  ( 0.9499999999999855200, 4.262279626278110400E-014, 0.4889999999998083700 ) ) ;
#236 = CARTESIAN_POINT ( 'NONE',  ( 0.7500000000000001100, 0.0000000000000000000, 0.7900000000000000400 ) ) ;
#237 = CARTESIAN_POINT ( 'NONE',  ( 0.2500000000000000000, 0.5000000000000000000, 0.7900000000000000400 ) ) ;
#238 = CARTESIAN_POINT ( 'NONE',  ( -0.9500000000000000700, -2.412831099714667200E-017, 0.08000000000000000200 ) ) ;
#239 = CARTESIAN_POINT ( 'NONE',  ( -0.7500000000000000000, -0.7999999999999999300, 0.08000000000000000200 ) ) ;
#240 = CARTESIAN_POINT ( 'NONE',  ( -1.550000000000000300, 0.6480740698407858600, 1.000000000000000000 ) ) ;
#241 = CARTESIAN_POINT ( 'NONE',  ( -1.599999999999999900, -0.7999999999999999300, 1.080000000000000100 ) ) ;
#242 = CARTESIAN_POINT ( 'NONE',  ( -1.550000000000000300, 0.8000000000000001600, 1.000000000000000000 ) ) ;
#243 = CARTESIAN_POINT ( 'NONE',  ( -1.549999999912915500, 0.8000000000000001600, 0.07999999999999998800 ) ) ;
#244 = CARTESIAN_POINT ( 'NONE',  ( -0.7500000000000000000, -0.8000000000000002700, 1.000000000000000000 ) ) ;
#245 = CARTESIAN_POINT ( 'NONE',  ( -0.7499999999999997800, 0.8000000000000001600, 1.080000000000000100 ) ) ;
#246 = CARTESIAN_POINT ( 'NONE',  ( -0.9500000000000000700, -2.412831099714667200E-017, 0.08000000000000000200 ) ) ;
#247 = CARTESIAN_POINT ( 'NONE',  ( -1.549999999999999800, -0.6480740698407858600, 0.08000000000000000200 ) ) ;
#248 = CARTESIAN_POINT ( 'NONE',  ( -1.000000000000000000, -2.412831099714667200E-017, 1.080000000000000100 ) ) ;
#249 = CARTESIAN_POINT ( 'NONE',  ( 1.049000000000000600, 6.245698675651512200E-018, 0.6400000000000000100 ) ) ;
#250 = CARTESIAN_POINT ( 'NONE',  ( -1.100000000000000500, 0.0000000000000000000, 0.6400000000000001200 ) ) ;
#251 = DIRECTION ( 'NONE',  ( 1.224646799147353200E-016, 0.0000000000000000000, -1.000000000000000000 ) ) ;
#252 = DIRECTION ( 'NONE',  ( -1.000000000000000000, 0.0000000000000000000, 0.0000000000000000000 ) ) ;
#253 = LINE ( 'NONE', #249, #2428 ) ;
#254 = CARTESIAN_POINT ( 'NONE',  ( -1.000000000000000000, -6.245698675651512200E-018, 0.6400000000000002400 ) ) ;
#255 = DIRECTION ( 'NONE',  ( 0.0000000000000000000, 1.000000000000000000, 0.0000000000000000000 ) ) ;
#256 = DIRECTION ( 'NONE',  ( 0.0000000000000000000, 0.0000000000000000000, 1.000000000000000000 ) ) ;
#257 = CARTESIAN_POINT ( 'NONE',  ( 1.151000000000000700, 0.0000000000000000000, 0.6400000000000000100 ) ) ;
#258 = DIRECTION ( 'NONE',  ( -0.0000000000000000000, -0.0000000000000000000, 1.000000000000000000 ) ) ;
#259 = LINE ( 'NONE', #269, #2426 ) ;
#260 = LINE ( 'NONE', #267, #2436 ) ;
#261 = LINE ( 'NONE', #257, #2431 ) ;
#262 = CARTESIAN_POINT ( 'NONE',  ( 1.100000000000000800, 0.0000000000000000000, 0.9400000000000000600 ) ) ;
#263 = DIRECTION ( 'NONE',  ( 0.0000000000000000000, 0.0000000000000000000, 1.000000000000000000 ) ) ;
#264 = DIRECTION ( 'NONE',  ( 1.000000000000000000, 0.0000000000000000000, 0.0000000000000000000 ) ) ;
#265 = LINE ( 'NONE', #272, #2425 ) ;
#266 = DIRECTION ( 'NONE',  ( -0.0000000000000000000, -0.0000000000000000000, 1.000000000000000000 ) ) ;
#267 = CARTESIAN_POINT ( 'NONE',  ( 1.000000000000000000, 6.245698675651512200E-018, 0.4889999999999992100 ) ) ;
#268 = DIRECTION ( 'NONE',  ( -1.000000000000000000, 0.0000000000000000000, 1.626303258728256700E-016 ) ) ;
#269 = CARTESIAN_POINT ( 'NONE',  ( 1.000000000000000000, 0.0000000000000000000, 0.5909999999999993000 ) ) ;
#270 = CARTESIAN_POINT ( 'NONE',  ( -1.049000000000000400, 0.0000000000000000000, 0.6400000000000001200 ) ) ;
#271 = DIRECTION ( 'NONE',  ( -1.000000000000000000, 0.0000000000000000000, 1.626303258728256700E-016 ) ) ;
#272 = CARTESIAN_POINT ( 'NONE',  ( -1.151000000000000500, 6.245698675651512200E-018, 0.6400000000000001200 ) ) ;
#273 = LINE ( 'NONE', #270, #2422 ) ;
#274 = DIRECTION ( 'NONE',  ( 7.228014483236695600E-016, 0.0000000000000000000, 1.000000000000000000 ) ) ;
#275 = CARTESIAN_POINT ( 'NONE',  ( -1.100000000000000300, 0.0000000000000000000, 0.9400000000000001700 ) ) ;
#276 = DIRECTION ( 'NONE',  ( 1.224646799147353200E-016, 0.0000000000000000000, -1.000000000000000000 ) ) ;
#277 = DIRECTION ( 'NONE',  ( -1.000000000000000000, 0.0000000000000000000, 0.0000000000000000000 ) ) ;
#278 = DIRECTION ( 'NONE',  ( 7.228014483236695600E-016, 0.0000000000000000000, 1.000000000000000000 ) ) ;
#279 = CARTESIAN_POINT ( 'NONE',  ( 0.9500078564739971000, -0.003682184141402510200, 0.5909001564341298500 ) ) ;
#280 = CARTESIAN_POINT ( 'NONE',  ( 0.9500233635570020100, -0.005511086848003618000, 0.5907013601568416000 ) ) ;
#281 = CARTESIAN_POINT ( 'NONE',  ( 0.9500715251618853100, -0.01119125825720684700, 0.5900839424416002300 ) ) ;
#282 = CARTESIAN_POINT ( 'NONE',  ( 0.9501977930346902100, -0.01684258763438772600, 0.5884762279480696400 ) ) ;
#283 = CARTESIAN_POINT ( 'NONE',  ( 0.9503722554030706900, -0.02199530517874534500, 0.5860131128059584700 ) ) ;
#284 = CARTESIAN_POINT ( 'NONE',  ( 0.9505467071015070200, -0.02714770758804940800, 0.5835501483055070000 ) ) ;
#285 = CARTESIAN_POINT ( 'NONE',  ( 0.9507727864927687500, -0.03194429998841012700, 0.5801641041192915300 ) ) ;
#286 = CARTESIAN_POINT ( 'NONE',  ( 0.9509971002421200300, -0.03598938879534644600, 0.5761353551821121200 ) ) ;
#287 = CARTESIAN_POINT ( 'NONE',  ( 0.9512208108176682900, -0.04002360046431831200, 0.5721174394454148200 ) ) ;
#288 = CARTESIAN_POINT ( 'NONE',  ( 0.9514471789528412500, -0.04342152158053373700, 0.5673497559126274800 ) ) ;
#289 = CARTESIAN_POINT ( 'NONE',  ( 0.9516228839038952700, -0.04590332583699841700, 0.5622235163082343100 ) ) ;
#290 = CARTESIAN_POINT ( 'NONE',  ( 0.9517983900891566800, -0.04838232255851870900, 0.5571030757497509300 ) ) ;
#291 = CARTESIAN_POINT ( 'NONE',  ( 0.9519267659516063000, -0.05001508950744585500, 0.5514840486224964500 ) ) ;
#292 = CARTESIAN_POINT ( 'NONE',  ( 0.9519776332067807500, -0.05066568992635638700, 0.5458299111731060900 ) ) ;
#293 = CARTESIAN_POINT ( 'NONE',  ( 0.9520286126167167900, -0.05131772482280186300, 0.5401633071883201700 ) ) ;
#294 = CARTESIAN_POINT ( 'NONE',  ( 0.9520027022922477000, -0.05100094587910156800, 0.5343050608566953800 ) ) ;
#295 = CARTESIAN_POINT ( 'NONE',  ( 0.9519060755991469700, -0.04974198583390677200, 0.5287423428148030300 ) ) ;
#296 = CARTESIAN_POINT ( 'NONE',  ( 0.9518092462753938700, -0.04848038569116832500, 0.5231679594954504700 ) ) ;
#297 = CARTESIAN_POINT ( 'NONE',  ( 0.9516395191701247900, -0.04623791063700051500, 0.5177359149130804600 ) ) ;
#298 = CARTESIAN_POINT ( 'NONE',  ( 0.9514372930681207500, -0.04320202746622689400, 0.5128967746788805100 ) ) ;
#299 = CARTESIAN_POINT ( 'NONE',  ( 0.9512353247925701100, -0.04017001486895108200, 0.5080638040654758000 ) ) ;
#300 = CARTESIAN_POINT ( 'NONE',  ( 0.9509969814375253100, -0.03626317572152705500, 0.5036884886535638600 ) ) ;
#301 = CARTESIAN_POINT ( 'NONE',  ( 0.9507785166767724900, -0.03180354683974189600, 0.5001310345204149600 ) ) ;
#302 = CARTESIAN_POINT ( 'NONE',  ( 0.9505604714624097400, -0.02735248236528351300, 0.4965804122306885500 ) ) ;
#303 = CARTESIAN_POINT ( 'NONE',  ( 0.9503579207945964700, -0.02222819546569909000, 0.4937468452720467600 ) ) ;
#304 = CARTESIAN_POINT ( 'NONE',  ( 0.9502184884945521500, -0.01685192290793432700, 0.4918646419530814400 ) ) ;
#305 = LINE ( 'NONE', #2385, #1212 ) ;
#306 = CARTESIAN_POINT ( 'NONE',  ( 0.9499999999999855200, 4.262279626278110400E-014, 0.4889999999998083700 ) ) ;
#307 = LINE ( 'NONE', #2375, #1231 ) ;
#308 = DIRECTION ( 'NONE',  ( 0.0000000000000000000, 0.0000000000000000000, -1.000000000000000000 ) ) ;
#309 = CARTESIAN_POINT ( 'NONE',  ( 1.550000000000000300, -0.7999999999999999300, 1.080000000000000100 ) ) ;
#310 = DIRECTION ( 'NONE',  ( -0.0000000000000000000, -0.0000000000000000000, -1.000000000000000000 ) ) ;
#311 = CARTESIAN_POINT ( 'NONE',  ( 1.600000000000000100, 0.8000000000000001600, 1.080000000000000100 ) ) ;
#312 = CARTESIAN_POINT ( 'NONE',  ( 0.9500000000000002900, -0.005698354698571240000, 0.4889999999999999300 ) ) ;
#313 = LINE ( 'NONE', #311, #1232 ) ;
#314 = DIRECTION ( 'NONE',  ( -1.000000000000000000, 0.0000000000000000000, 0.0000000000000000000 ) ) ;
#315 = CARTESIAN_POINT ( 'NONE',  ( 0.9500790458684772500, -0.01147525219597789900, 0.4899822992425333400 ) ) ;
#316 = CARTESIAN_POINT ( 'NONE',  ( -1.599999999999999900, -0.7999999999999999300, 0.07999999999999998800 ) ) ;
#317 = CARTESIAN_POINT ( 'NONE',  ( 0.9999999999999692500, -4.072456438286185300E-014, 0.5910000000003691200 ) ) ;
#318 = CARTESIAN_POINT ( 'NONE',  ( 1.000000000000000700, -0.001848583292249092300, 0.5909999999999977500 ) ) ;
#319 = CARTESIAN_POINT ( 'NONE',  ( 1.000008593700758100, -0.003699911321153610000, 0.5908991908458521800 ) ) ;
#320 = CARTESIAN_POINT ( 'NONE',  ( 1.000025553691217700, -0.005537488281651080200, 0.5906984834440891500 ) ) ;
#321 = CARTESIAN_POINT ( 'NONE',  ( 1.000077985039306000, -0.01121830735313121000, 0.5900780019838657300 ) ) ;
#322 = CARTESIAN_POINT ( 'NONE',  ( 1.000215045604620200, -0.01686965906340772200, 0.5884668779038538800 ) ) ;
#323 = CARTESIAN_POINT ( 'NONE',  ( 1.000404256991572500, -0.02202146603137868800, 0.5860005981899022400 ) ) ;
#324 = CARTESIAN_POINT ( 'NONE',  ( 1.000593453747868200, -0.02717287463896971000, 0.5835345091795485200 ) ) ;
#325 = CARTESIAN_POINT ( 'NONE',  ( 1.000838524467797300, -0.03196763856950864100, 0.5801455526517594900 ) ) ;
#326 = CARTESIAN_POINT ( 'NONE',  ( 1.001081603952765000, -0.03601048286550227700, 0.5761143340488700200 ) ) ;
#327 = CARTESIAN_POINT ( 'NONE',  ( 1.001323916104359200, -0.04004056504233830700, 0.5720958408661039900 ) ) ;
#328 = CARTESIAN_POINT ( 'NONE',  ( 1.001569032690859300, -0.04343451300525847500, 0.5673286563894112100 ) ) ;
#329 = CARTESIAN_POINT ( 'NONE',  ( 1.001759256076182100, -0.04591309518510158800, 0.5622033261139812700 ) ) ;
#330 = CARTESIAN_POINT ( 'NONE',  ( 1.001949227431979500, -0.04838839345803002500, 0.5570847864576674600 ) ) ;
#331 = CARTESIAN_POINT ( 'NONE',  ( 1.002088144534082100, -0.05001836744366206600, 0.5514683274139793300 ) ) ;
#332 = CARTESIAN_POINT ( 'NONE',  ( 1.002143130585224000, -0.05066718556978036500, 0.5458168983519947600 ) ) ;
#333 = CARTESIAN_POINT ( 'NONE',  ( 1.002198259179150100, -0.05131768565596720600, 0.5401508188392446500 ) ) ;
#334 = CARTESIAN_POINT ( 'NONE',  ( 1.002170052305096900, -0.05099953136887448000, 0.5342932092239310900 ) ) ;
#335 = CARTESIAN_POINT ( 'NONE',  ( 1.002065239318477500, -0.04973954129995295000, 0.5287315470773369400 ) ) ;
#336 = CARTESIAN_POINT ( 'NONE',  ( 1.001960168496454100, -0.04847645171007601600, 0.5231562034829319000 ) ) ;
#337 = CARTESIAN_POINT ( 'NONE',  ( 1.001776073193564300, -0.04623211847038049400, 0.5177236887735798800 ) ) ;
#338 = CARTESIAN_POINT ( 'NONE',  ( 1.001556821580716200, -0.04319446959304614600, 0.5128847313018032300 ) ) ;
#339 = CARTESIAN_POINT ( 'NONE',  ( 1.001337898748719400, -0.04016137585111233900, 0.5080530301349425200 ) ) ;
#340 = CARTESIAN_POINT ( 'NONE',  ( 1.001079636256269700, -0.03625390583743076700, 0.5036793279145335100 ) ) ;
#341 = CARTESIAN_POINT ( 'NONE',  ( 1.000842968112454700, -0.03179388525654412700, 0.5001233293730067400 ) ) ;
#342 = CARTESIAN_POINT ( 'NONE',  ( 1.000606832686853800, -0.02734390377158637700, 0.4965753350569837600 ) ) ;
#343 = CARTESIAN_POINT ( 'NONE',  ( 1.000387525884512300, -0.02222136917703891300, 0.4937438185751389400 ) ) ;
#344 = CARTESIAN_POINT ( 'NONE',  ( 1.000236559960188600, -0.01684683921721332300, 0.4918628624823892500 ) ) ;
#345 = CARTESIAN_POINT ( 'NONE',  ( 0.9999999999999829000, 4.638426226939643100E-014, 0.4889999999997927700 ) ) ;
#346 = DIRECTION ( 'NONE',  ( 1.000000000000000000, 0.0000000000000000000, 0.0000000000000000000 ) ) ;
#347 = DIRECTION ( 'NONE',  ( -0.0000000000000000000, -0.0000000000000000000, -1.000000000000000000 ) ) ;
#348 = CARTESIAN_POINT ( 'NONE',  ( 1.600000000000000100, -1.444555015056670400E-016, 1.000000000000000000 ) ) ;
#349 = LINE ( 'NONE', #309, #1233 ) ;
#350 = CARTESIAN_POINT ( 'NONE',  ( 1.000085580929947600, -0.01147184267432279300, 0.4899817430967999300 ) ) ;
#351 = CARTESIAN_POINT ( 'NONE',  ( 1.000000000000000400, -0.005696665046015621900, 0.4889999999999999300 ) ) ;
#352 = DIRECTION ( 'NONE',  ( -1.741690236924505800E-016, 1.000000000000000000, 0.0000000000000000000 ) ) ;
#353 = CARTESIAN_POINT ( 'NONE',  ( 1.550000000000000300, 2.699619867232984400E-016, 1.000000000000000000 ) ) ;
#354 = LINE ( 'NONE', #316, #1210 ) ;
#355 = LINE ( 'NONE', #353, #1226 ) ;
#356 = DIRECTION ( 'NONE',  ( -0.0000000000000000000, -0.0000000000000000000, -1.000000000000000000 ) ) ;
#357 = CARTESIAN_POINT ( 'NONE',  ( 0.7500000000000001100, -0.7999999999999999300, 0.08000000000000000200 ) ) ;
#358 = DIRECTION ( 'NONE',  ( 0.0000000000000000000, 1.000000000000000000, 0.0000000000000000000 ) ) ;
#359 = CARTESIAN_POINT ( 'NONE',  ( 0.7500000000000001100, -0.8000000000000002700, 1.000000000000000000 ) ) ;
#360 = DIRECTION ( 'NONE',  ( 1.000000000000000000, 0.0000000000000000000, 0.0000000000000000000 ) ) ;
#361 = LINE ( 'NONE', #362, #1215 ) ;
#362 = CARTESIAN_POINT ( 'NONE',  ( -1.599999999999999900, -0.7999999999999999300, 0.0000000000000000000 ) ) ;
#363 = CARTESIAN_POINT ( 'NONE',  ( 1.550000000000000000, 0.6480740698407855300, 0.08000000000000000200 ) ) ;
#364 = LINE ( 'NONE', #359, #1221 ) ;
#365 = CARTESIAN_POINT ( 'NONE',  ( 1.550000000087084600, -0.7999999999999999300, 1.000000000000000000 ) ) ;
#366 = CARTESIAN_POINT ( 'NONE',  ( -1.151000000000000200, 6.245698675651517600E-018, 0.9400000000000001700 ) ) ;
#367 = LINE ( 'NONE', #357, #1229 ) ;
#368 = CARTESIAN_POINT ( 'NONE',  ( 1.550000000000000500, -0.6480740698407857500, 0.08000000000000000200 ) ) ;
#369 = CARTESIAN_POINT ( 'NONE',  ( -0.2500000000000002200, -0.5000000000000000000, 0.2899999999999999800 ) ) ;
#370 = CARTESIAN_POINT ( 'NONE',  ( 1.550000000000000000, 0.8000000000000001600, 0.07999999999999998800 ) ) ;
#371 = CARTESIAN_POINT ( 'NONE',  ( 1.151000000000000700, 0.0000000000000000000, 0.6400000000000000100 ) ) ;
#372 = CARTESIAN_POINT ( 'NONE',  ( 1.550000000087084400, 0.8000000000000001600, 1.000000000000000000 ) ) ;
#373 = CARTESIAN_POINT ( 'NONE',  ( 1.550000000000000300, -0.7999999999999999300, 0.07999999999999998800 ) ) ;
#374 = CARTESIAN_POINT ( 'NONE',  ( -1.549999999999999800, -0.6480740698407858600, 1.000000000000000000 ) ) ;
#375 = CARTESIAN_POINT ( 'NONE',  ( -1.549999999912915500, -0.7999999999999999300, 1.000000000000000000 ) ) ;
#376 = CARTESIAN_POINT ( 'NONE',  ( -1.549999999912915500, 0.8000000000000001600, 1.000000000000000000 ) ) ;
#377 = CARTESIAN_POINT ( 'NONE',  ( -1.000000000000000000, 0.0000000000000000000, 0.5909999999999996400 ) ) ;
#378 = CARTESIAN_POINT ( 'NONE',  ( 0.2500000000000000000, -0.5000000000000000000, 0.7900000000000000400 ) ) ;
#379 = CARTESIAN_POINT ( 'NONE',  ( 0.2500000000000000000, -0.5000000000000000000, 0.2899999999999999800 ) ) ;
#380 = CARTESIAN_POINT ( 'NONE',  ( 1.550000000000000000, 0.6480740698407855300, 1.000000000000000000 ) ) ;
#381 = CARTESIAN_POINT ( 'NONE',  ( -1.549999999999999800, -0.7999999999999999300, 0.07999999999999998800 ) ) ;
#382 = CARTESIAN_POINT ( 'NONE',  ( -1.549999999999999800, -0.6480740698407858600, 0.08000000000000000200 ) ) ;
#383 = LINE ( 'NONE', #384, #2086 ) ;
#384 = CARTESIAN_POINT ( 'NONE',  ( -0.7500000000000000000, 0.8000000000000001600, 1.000000000000000000 ) ) ;
#385 = DIRECTION ( 'NONE',  ( -0.0000000000000000000, -0.0000000000000000000, 1.000000000000000000 ) ) ;
#386 = CARTESIAN_POINT ( 'NONE',  ( -1.600000000000000100, 0.8000000000000001600, 1.080000000000000100 ) ) ;
#387 = DIRECTION ( 'NONE',  ( -1.000000000000000000, -0.0000000000000000000, -0.0000000000000000000 ) ) ;
#388 = LINE ( 'NONE', #389, #2023 ) ;
#389 = CARTESIAN_POINT ( 'NONE',  ( -1.599999999999999900, -0.7999999999999999300, 1.080000000000000100 ) ) ;
#390 = DIRECTION ( 'NONE',  ( -0.0000000000000000000, -0.0000000000000000000, -1.000000000000000000 ) ) ;
#391 = LINE ( 'NONE', #392, #2032 ) ;
#392 = CARTESIAN_POINT ( 'NONE',  ( -1.600000000000000100, 0.8000000000000001600, 1.080000000000000100 ) ) ;
#393 = DIRECTION ( 'NONE',  ( -1.000000000000000000, -0.0000000000000000000, -0.0000000000000000000 ) ) ;
#394 = LINE ( 'NONE', #395, #1995 ) ;
#395 = CARTESIAN_POINT ( 'NONE',  ( 0.7500000000000001100, -0.8000000000000002700, 1.000000000000000000 ) ) ;
#396 = DIRECTION ( 'NONE',  ( -0.0000000000000000000, -0.0000000000000000000, 1.000000000000000000 ) ) ;
#397 = LINE ( 'NONE', #398, #1921 ) ;
#398 = CARTESIAN_POINT ( 'NONE',  ( -1.599999999999999900, -0.7999999999999999300, 1.080000000000000100 ) ) ;
#399 = DIRECTION ( 'NONE',  ( 1.000000000000000000, 0.0000000000000000000, 0.0000000000000000000 ) ) ;
#400 = LINE ( 'NONE', #401, #2031 ) ;
#401 = CARTESIAN_POINT ( 'NONE',  ( 1.600000000000000100, -0.7999999999999999300, 1.080000000000000100 ) ) ;
#402 = DIRECTION ( 'NONE',  ( -0.0000000000000000000, -0.0000000000000000000, -1.000000000000000000 ) ) ;
#403 = LINE ( 'NONE', #404, #2020 ) ;
#404 = CARTESIAN_POINT ( 'NONE',  ( -5.000000000000000000, 1.084202172485504400E-016, 0.4889999999999999300 ) ) ;
#405 = DIRECTION ( 'NONE',  ( 1.000000000000000000, -0.0000000000000000000, -0.0000000000000000000 ) ) ;
#406 = CARTESIAN_POINT ( 'NONE',  ( -0.9500000000000000700, 0.005698354698571456900, 0.4889999999999999300 ) ) ;
#407 = LINE ( 'NONE', #412, #2072 ) ;
#408 = CARTESIAN_POINT ( 'NONE',  ( -1.599999999999999900, -2.412831099714667200E-017, 0.08000000000000000200 ) ) ;
#409 = DIRECTION ( 'NONE',  ( -0.0000000000000000000, -0.0000000000000000000, 1.000000000000000000 ) ) ;
#410 = DIRECTION ( 'NONE',  ( -1.000000000000000000, 0.0000000000000000000, 0.0000000000000000000 ) ) ;
#411 = CARTESIAN_POINT ( 'NONE',  ( -0.9499999999999850800, -4.240894032178348900E-014, 0.4889999999998083700 ) ) ;
#412 = CARTESIAN_POINT ( 'NONE',  ( -0.9500000000000000700, -2.412831099714667200E-017, 0.0000000000000000000 ) ) ;
#413 = DIRECTION ( 'NONE',  ( -0.0000000000000000000, -0.0000000000000000000, 1.000000000000000000 ) ) ;
#414 = CARTESIAN_POINT ( 'NONE',  ( -1.550000000000000300, 0.6480740698407858600, 0.0000000000000000000 ) ) ;
#415 = CARTESIAN_POINT ( 'NONE',  ( -0.9500790458684769100, 0.01147525219597811600, 0.4899822992425333400 ) ) ;
#416 = CARTESIAN_POINT ( 'NONE',  ( -0.9502184884945518200, 0.01685192290793454200, 0.4918646419530814400 ) ) ;
#417 = CARTESIAN_POINT ( 'NONE',  ( -0.9503579207945961300, 0.02222819546569930500, 0.4937468452720467600 ) ) ;
#418 = CARTESIAN_POINT ( 'NONE',  ( -0.9505604714624094100, 0.02735248236528373100, 0.4965804122306885500 ) ) ;
#419 = CARTESIAN_POINT ( 'NONE',  ( -0.9507785166767722700, 0.03180354683974211800, 0.5001310345204149600 ) ) ;
#420 = CARTESIAN_POINT ( 'NONE',  ( -0.9509969814375249800, 0.03626317572152727000, 0.5036884886535638600 ) ) ;
#421 = CARTESIAN_POINT ( 'NONE',  ( -0.9512353247925696700, 0.04017001486895131100, 0.5080638040654758000 ) ) ;
#422 = CARTESIAN_POINT ( 'NONE',  ( -0.9514372930681203000, 0.04320202746622711600, 0.5128967746788805100 ) ) ;
#423 = CARTESIAN_POINT ( 'NONE',  ( -0.9516395191701243500, 0.04623791063700074400, 0.5177359149130804600 ) ) ;
#424 = CARTESIAN_POINT ( 'NONE',  ( -0.9518092462753935400, 0.04848038569116854000, 0.5231679594954504700 ) ) ;
#425 = CARTESIAN_POINT ( 'NONE',  ( -0.9519060755991465300, 0.04974198583390698800, 0.5287423428148030300 ) ) ;
#426 = CARTESIAN_POINT ( 'NONE',  ( -0.9520027022922472600, 0.05100094587910179000, 0.5343050608566954900 ) ) ;
#427 = CARTESIAN_POINT ( 'NONE',  ( -0.9520286126167163400, 0.05131772482280209200, 0.5401633071883202900 ) ) ;
#428 = CARTESIAN_POINT ( 'NONE',  ( -0.9519776332067803000, 0.05066568992635659500, 0.5458299111731062000 ) ) ;
#429 = CARTESIAN_POINT ( 'NONE',  ( -0.9519267659516058600, 0.05001508950744605600, 0.5514840486224965600 ) ) ;
#430 = CARTESIAN_POINT ( 'NONE',  ( -0.9517983900891562300, 0.04838232255851891700, 0.5571030757497510400 ) ) ;
#431 = CARTESIAN_POINT ( 'NONE',  ( -0.9516228839038948200, 0.04590332583699863900, 0.5622235163082343100 ) ) ;
#432 = CARTESIAN_POINT ( 'NONE',  ( -0.9514471789528408100, 0.04342152158053395200, 0.5673497559126274800 ) ) ;
#433 = CARTESIAN_POINT ( 'NONE',  ( -0.9512208108176679600, 0.04002360046431852800, 0.5721174394454148200 ) ) ;
#434 = CARTESIAN_POINT ( 'NONE',  ( -0.9509971002421197000, 0.03598938879534666100, 0.5761353551821121200 ) ) ;
#435 = CARTESIAN_POINT ( 'NONE',  ( -0.9507727864927684200, 0.03194429998841034200, 0.5801641041192915300 ) ) ;
#436 = CARTESIAN_POINT ( 'NONE',  ( -0.9505467071015065700, 0.02714770758804962600, 0.5835501483055070000 ) ) ;
#437 = CARTESIAN_POINT ( 'NONE',  ( -0.9503722554030702400, 0.02199530517874556000, 0.5860131128059584700 ) ) ;
#438 = CARTESIAN_POINT ( 'NONE',  ( -0.9501977930346897600, 0.01684258763438794100, 0.5884762279480696400 ) ) ;
#439 = CARTESIAN_POINT ( 'NONE',  ( -0.9500715251618849800, 0.01119125825720705700, 0.5900839424416002300 ) ) ;
#440 = CARTESIAN_POINT ( 'NONE',  ( -0.9500233635570016800, 0.005511086848003823500, 0.5907013601568416000 ) ) ;
#441 = CARTESIAN_POINT ( 'NONE',  ( -0.9500078564739967700, 0.003682184141402725300, 0.5909001564341298500 ) ) ;
#442 = CARTESIAN_POINT ( 'NONE',  ( -0.9500000000000002900, 0.001839740617565459400, 0.5909999999999978600 ) ) ;
#443 = CARTESIAN_POINT ( 'NONE',  ( -0.9499999999999725300, 3.865969844195925900E-014, 0.5910000000003504700 ) ) ;
#444 = LINE ( 'NONE', #445, #2043 ) ;
#445 = CARTESIAN_POINT ( 'NONE',  ( -0.9500000000000000700, -2.412831099714667200E-017, 0.0000000000000000000 ) ) ;
#446 = DIRECTION ( 'NONE',  ( -0.0000000000000000000, -0.0000000000000000000, 1.000000000000000000 ) ) ;
#447 = CARTESIAN_POINT ( 'NONE',  ( -0.7500000000000006700, -0.003835427222149189000, 0.5910000000000056300 ) ) ;
#448 = CARTESIAN_POINT ( 'NONE',  ( -0.9499999999999997300, -0.003876699159950329800, 0.5910000000000046300 ) ) ;
#449 = LINE ( 'NONE', #414, #2044 ) ;
#450 = CARTESIAN_POINT ( 'NONE',  ( -1.599999999999999900, -2.412831099714667200E-017, 1.000000000000000000 ) ) ;
#451 = DIRECTION ( 'NONE',  ( -0.0000000000000000000, -0.0000000000000000000, -1.000000000000000000 ) ) ;
#452 = DIRECTION ( 'NONE',  ( 1.000000000000000000, -8.881784197001252300E-016, 0.0000000000000000000 ) ) ;
#453 = CARTESIAN_POINT ( 'NONE',  ( -0.9499999999999725300, 3.865969844195925900E-014, 0.5910000000003504700 ) ) ;
#454 = DIRECTION ( 'NONE',  ( -0.0000000000000000000, -0.0000000000000000000, 1.000000000000000000 ) ) ;
#455 = LINE ( 'NONE', #485, #2021 ) ;
#456 = CARTESIAN_POINT ( 'NONE',  ( -0.9500355754355843700, -0.007778464455847095900, 0.5905521491364187400 ) ) ;
#457 = CARTESIAN_POINT ( 'NONE',  ( -0.9501026930609483000, -0.01155380601222025800, 0.5896740331222660700 ) ) ;
#458 = CARTESIAN_POINT ( 'NONE',  ( -0.9502012329732353300, -0.01709663956452263400, 0.5883848117807313200 ) ) ;
#459 = CARTESIAN_POINT ( 'NONE',  ( -0.9503714729602298400, -0.02249228711861146800, 0.5861242998885071200 ) ) ;
#460 = CARTESIAN_POINT ( 'NONE',  ( -0.9505734272603406600, -0.02729700752133224300, 0.5830798488899431300 ) ) ;
#461 = CARTESIAN_POINT ( 'NONE',  ( -0.9507758064124383100, -0.03211183563163090600, 0.5800289932688728100 ) ) ;
#462 = CARTESIAN_POINT ( 'NONE',  ( -0.9510140340115328400, -0.03646592171006802400, 0.5761070669026628900 ) ) ;
#463 = CARTESIAN_POINT ( 'NONE',  ( -0.9512320262025918400, -0.04000145215870920500, 0.5716367480186332900 ) ) ;
#464 = CARTESIAN_POINT ( 'NONE',  ( -0.9514504929245228800, -0.04354467883875679700, 0.5671566980322723100 ) ) ;
#465 = CARTESIAN_POINT ( 'NONE',  ( -0.9516529438160571400, -0.04636348540199100600, 0.5620018433035818300 ) ) ;
#466 = CARTESIAN_POINT ( 'NONE',  ( -0.9517913039226012500, -0.04822329654470351700, 0.5565986044703036300 ) ) ;
#467 = CARTESIAN_POINT ( 'NONE',  ( -0.9519295056793922700, -0.05008097917911360400, 0.5512015495115342200 ) ) ;
#468 = CARTESIAN_POINT ( 'NONE',  ( -0.9520064494950347700, -0.05103292716455607600, 0.5454072751599321500 ) ) ;
#469 = CARTESIAN_POINT ( 'NONE',  ( -0.9520037876087099600, -0.05099910515432643000, 0.5396978850252740500 ) ) ;
#470 = CARTESIAN_POINT ( 'NONE',  ( -0.9520011328886210900, -0.05096537419851104200, 0.5340038655078850300 ) ) ;
#471 = CARTESIAN_POINT ( 'NONE',  ( -0.9519192714398970700, -0.04995040143587996900, 0.5282373329873494300 ) ) ;
#472 = CARTESIAN_POINT ( 'NONE',  ( -0.9517776231668037000, -0.04803904841606822200, 0.5228754612535504400 ) ) ;
#473 = CARTESIAN_POINT ( 'NONE',  ( -0.9516359792996681400, -0.04612775484873544300, 0.5175137563003320300 ) ) ;
#474 = CARTESIAN_POINT ( 'NONE',  ( -0.9514318135748556200, -0.04326795608381073200, 0.5124091103426996500 ) ) ;
#475 = CARTESIAN_POINT ( 'NONE',  ( -0.9512132493072056300, -0.03969574442538750100, 0.5079805078973086400 ) ) ;
#476 = CARTESIAN_POINT ( 'NONE',  ( -0.9509940997784134300, -0.03611396726617046400, 0.5035400467480507500 ) ) ;
#477 = CARTESIAN_POINT ( 'NONE',  ( -0.9507561495590639600, -0.03171722768529201800, 0.4996568213446862000 ) ) ;
#478 = CARTESIAN_POINT ( 'NONE',  ( -0.9505555173156169400, -0.02686752520821170100, 0.4966509966759775100 ) ) ;
#479 = CARTESIAN_POINT ( 'NONE',  ( -0.9503546417521312500, -0.02201194117503829000, 0.4936415266441813700 ) ) ;
#480 = CARTESIAN_POINT ( 'NONE',  ( -0.9501872058744979000, -0.01656775924740871300, 0.4914286667980403100 ) ) ;
#481 = CARTESIAN_POINT ( 'NONE',  ( -0.9500928572040763200, -0.01098661653279533300, 0.4901974472826812200 ) ) ;
#482 = CARTESIAN_POINT ( 'NONE',  ( -0.9500320496859069300, -0.007389581879223873500, 0.4894039289138883400 ) ) ;
#483 = CARTESIAN_POINT ( 'NONE',  ( -0.9500000000000000700, -0.003684023242987307600, 0.4889999999999999300 ) ) ;
#484 = CARTESIAN_POINT ( 'NONE',  ( -0.9499999999999850800, -4.240894032178348900E-014, 0.4889999999998083700 ) ) ;
#485 = CARTESIAN_POINT ( 'NONE',  ( -5.000000000000000000, 1.146659159242019700E-016, 0.5910000000000000800 ) ) ;
#486 = CARTESIAN_POINT ( 'NONE',  ( -0.7500000000000439600, 4.854139847571990700E-014, 0.5910000000004301800 ) ) ;
#487 = DIRECTION ( 'NONE',  ( 1.000000000000000000, -0.0000000000000000000, -0.0000000000000000000 ) ) ;
#488 = CARTESIAN_POINT ( 'NONE',  ( -0.7500000000000002200, 0.005691647266561654900, 0.4889999999999999300 ) ) ;
#489 = CARTESIAN_POINT ( 'NONE',  ( -0.7499547533889910900, -0.007695210877205144500, 0.5905617140483747600 ) ) ;
#490 = CARTESIAN_POINT ( 'NONE',  ( -0.7498692898136847300, -0.01143210834284947600, 0.5897021820329586600 ) ) ;
#491 = CARTESIAN_POINT ( 'NONE',  ( -0.7497427170538053500, -0.01696650617159199000, 0.5884292030005963100 ) ) ;
#492 = CARTESIAN_POINT ( 'NONE',  ( -0.7495231305979752600, -0.02235570327576173400, 0.5861889632817292000 ) ) ;
#493 = CARTESIAN_POINT ( 'NONE',  ( -0.7492618690195889100, -0.02715853720410936100, 0.5831672776178091800 ) ) ;
#494 = CARTESIAN_POINT ( 'NONE',  ( -0.7489996897201539600, -0.03197824181744482500, 0.5801349778232053300 ) ) ;
#495 = CARTESIAN_POINT ( 'NONE',  ( -0.7486903429998068600, -0.03634017230677583800, 0.5762326427262799400 ) ) ;
#496 = CARTESIAN_POINT ( 'NONE',  ( -0.7484064233407326000, -0.03988780731876040400, 0.5717799123236903000 ) ) ;
#497 = CARTESIAN_POINT ( 'NONE',  ( -0.7481214491847995000, -0.04344861848764852700, 0.5673106441785663600 ) ) ;
#498 = CARTESIAN_POINT ( 'NONE',  ( -0.7478564611346250100, -0.04628725206779207800, 0.5621628552078019600 ) ) ;
#499 = CARTESIAN_POINT ( 'NONE',  ( -0.7476745566164589900, -0.04816674886901860900, 0.5567619898397800900 ) ) ;
#500 = CARTESIAN_POINT ( 'NONE',  ( -0.7474929924140606400, -0.05004272941675562400, 0.5513712286718209800 ) ) ;
#501 = CARTESIAN_POINT ( 'NONE',  ( -0.7473907012835440100, -0.05101461062728148600, 0.5455787162317905500 ) ) ;
#502 = CARTESIAN_POINT ( 'NONE',  ( -0.7473922168929744100, -0.05099982915944279600, 0.5398679935317994800 ) ) ;
#503 = CARTESIAN_POINT ( 'NONE',  ( -0.7473937255720291000, -0.05098511528231950600, 0.5341833840593238600 ) ) ;
#504 = CARTESIAN_POINT ( 'NONE',  ( -0.7474980741060094400, -0.04999259401691873200, 0.5284232005272049300 ) ) ;
#505 = CARTESIAN_POINT ( 'NONE',  ( -0.7476804502422902400, -0.04810581510203798500, 0.5230639274514858900 ) ) ;
#506 = CARTESIAN_POINT ( 'NONE',  ( -0.7478628047567276200, -0.04621925987672094400, 0.5177052897514573500 ) ) ;
#507 = CARTESIAN_POINT ( 'NONE',  ( -0.7481266505524085700, -0.04338752488906404800, 0.5126001865530387400 ) ) ;
#508 = CARTESIAN_POINT ( 'NONE',  ( -0.7484099328494863100, -0.03984393099294472600, 0.5081650952093546000 ) ) ;
#509 = CARTESIAN_POINT ( 'NONE',  ( -0.7486944951945787600, -0.03628432490553112900, 0.5037099633268603500 ) ) ;
#510 = CARTESIAN_POINT ( 'NONE',  ( -0.7490042971283380500, -0.03190835385221560400, 0.4998081075348542200 ) ) ;
#511 = CARTESIAN_POINT ( 'NONE',  ( -0.7492664150944696700, -0.02707483626389540700, 0.4967801753672778100 ) ) ;
#512 = CARTESIAN_POINT ( 'NONE',  ( -0.7495290885501373300, -0.02223107531651955000, 0.4937458263002443300 ) ) ;
#513 = CARTESIAN_POINT ( 'NONE',  ( -0.7497490820887855500, -0.01679319806230545100, 0.4915055557645374200 ) ) ;
#514 = CARTESIAN_POINT ( 'NONE',  ( -0.7498742573820225100, -0.01121279656337986100, 0.4902478825251803100 ) ) ;
#515 = CARTESIAN_POINT ( 'NONE',  ( -0.7499565352946804300, -0.007544790080220144800, 0.4894212119717180600 ) ) ;
#516 = CARTESIAN_POINT ( 'NONE',  ( -0.7500000000000002200, -0.003760907526033290700, 0.4889999999999999300 ) ) ;
#517 = CARTESIAN_POINT ( 'NONE',  ( -0.7500000000000266500, -5.930545721292030400E-014, 0.4889999999997389800 ) ) ;
#518 = LINE ( 'NONE', #520, #1945 ) ;
#519 = CARTESIAN_POINT ( 'NONE',  ( -0.7500000000000266500, -5.930545721292030400E-014, 0.4889999999997389800 ) ) ;
#520 = CARTESIAN_POINT ( 'NONE',  ( -5.000000000000000000, 1.084202172485504400E-016, 0.4889999999999999300 ) ) ;
#521 = DIRECTION ( 'NONE',  ( 1.000000000000000000, -0.0000000000000000000, -0.0000000000000000000 ) ) ;
#522 = LINE ( 'NONE', #523, #1894 ) ;
#523 = CARTESIAN_POINT ( 'NONE',  ( 1.550000000000000300, 2.699619867232984400E-016, 1.000000000000000000 ) ) ;
#524 = CARTESIAN_POINT ( 'NONE',  ( -0.7498974884011442300, 0.01146171770770752300, 0.4899800923674152400 ) ) ;
#525 = CARTESIAN_POINT ( 'NONE',  ( -0.7497166121354509300, 0.01683174250835275600, 0.4918575816547140500 ) ) ;
#526 = CARTESIAN_POINT ( 'NONE',  ( -0.7495357584004834800, 0.02220109839560953400, 0.4937348370738710600 ) ) ;
#527 = CARTESIAN_POINT ( 'NONE',  ( -0.7492730286885533900, 0.02731843005819302100, 0.4965602713441248400 ) ) ;
#528 = CARTESIAN_POINT ( 'NONE',  ( -0.7489899525754731800, 0.03176518894524513900, 0.5001004665281297800 ) ) ;
#529 = CARTESIAN_POINT ( 'NONE',  ( -0.7487059595111959000, 0.03622635194729007700, 0.5036521292505874400 ) ) ;
#530 = CARTESIAN_POINT ( 'NONE',  ( -0.7483958427099277600, 0.04013567351062635700, 0.5080210162705608400 ) ) ;
#531 = CARTESIAN_POINT ( 'NONE',  ( -0.7481326945270365700, 0.04317196594126990900, 0.5128489161032961900 ) ) ;
#532 = CARTESIAN_POINT ( 'NONE',  ( -0.7478689731894676600, 0.04621487162377237900, 0.5176873314309230500 ) ) ;
#533 = CARTESIAN_POINT ( 'NONE',  ( -0.7476472565531504500, 0.04846473680831973900, 0.5231212465049216400 ) ) ;
#534 = CARTESIAN_POINT ( 'NONE',  ( -0.7475205546517992300, 0.04973226014335344800, 0.5286994557195753300 ) ) ;
#535 = CARTESIAN_POINT ( 'NONE',  ( -0.7473942993511371000, 0.05099531569385689500, 0.5342580027819459100 ) ) ;
#536 = CARTESIAN_POINT ( 'NONE',  ( -0.7473599603493967800, 0.05131755475479518600, 0.5401137510205006300 ) ) ;
#537 = CARTESIAN_POINT ( 'NONE',  ( -0.7474257620450094300, 0.05067160204633173300, 0.5457782995819020500 ) ) ;
#538 = CARTESIAN_POINT ( 'NONE',  ( -0.7474913176976444300, 0.05002806465750968300, 0.5514216674976916100 ) ) ;
#539 = CARTESIAN_POINT ( 'NONE',  ( -0.7476574600762120300, 0.04840637385196480000, 0.5570304815484827800 ) ) ;
#540 = CARTESIAN_POINT ( 'NONE',  ( -0.7478848541790216200, 0.04594205022780844400, 0.5621433516177101200 ) ) ;
#541 = CARTESIAN_POINT ( 'NONE',  ( -0.7481126802808447700, 0.04347304492826468300, 0.5672659350207411900 ) ) ;
#542 = CARTESIAN_POINT ( 'NONE',  ( -0.7484064059204255100, 0.04009091628911902500, 0.5720315894182095300 ) ) ;
#543 = CARTESIAN_POINT ( 'NONE',  ( -0.7486970312203736800, 0.03607313476793729700, 0.5760517537439477900 ) ) ;
#544 = CARTESIAN_POINT ( 'NONE',  ( -0.7489889847673153500, 0.03203699074966178500, 0.5800902914569292500 ) ) ;
#545 = CARTESIAN_POINT ( 'NONE',  ( -0.7492836074141016000, 0.02724770405684165400, 0.5834878859503076500 ) ) ;
#546 = CARTESIAN_POINT ( 'NONE',  ( -0.7495113824628486500, 0.02209929388133850500, 0.5859632593485953900 ) ) ;
#547 = CARTESIAN_POINT ( 'NONE',  ( -0.7497391882860000600, 0.01695018811051821100, 0.5884389671915147800 ) ) ;
#548 = CARTESIAN_POINT ( 'NONE',  ( -0.7499046268885485300, 0.01129875804281340800, 0.5900602467745005300 ) ) ;
#549 = CARTESIAN_POINT ( 'NONE',  ( -0.7499684596522753200, 0.005615990823643211300, 0.5906898475739350600 ) ) ;
#550 = CARTESIAN_POINT ( 'NONE',  ( -0.7499893902088579100, 0.003752629849081195500, 0.5908962916378870400 ) ) ;
#551 = CARTESIAN_POINT ( 'NONE',  ( -0.7499999999999997800, 0.001874879025840597500, 0.5909999999999973100 ) ) ;
#552 = CARTESIAN_POINT ( 'NONE',  ( -0.7500000000000439600, 4.854139847571990700E-014, 0.5910000000004301800 ) ) ;
#553 = LINE ( 'NONE', #554, #1934 ) ;
#554 = CARTESIAN_POINT ( 'NONE',  ( -1.550000000000000000, -2.699619867232983900E-016, 1.000000000000000000 ) ) ;
#555 = DIRECTION ( 'NONE',  ( 1.741690236924505800E-016, -1.000000000000000000, 0.0000000000000000000 ) ) ;
#556 = LINE ( 'NONE', #557, #2029 ) ;
#557 = CARTESIAN_POINT ( 'NONE',  ( -0.7500000000000000000, -0.8000000000000002700, 1.000000000000000000 ) ) ;
#558 = DIRECTION ( 'NONE',  ( 1.000000000000000000, 0.0000000000000000000, 0.0000000000000000000 ) ) ;
#559 = LINE ( 'NONE', #560, #2002 ) ;
#560 = CARTESIAN_POINT ( 'NONE',  ( 1.550000000000000300, 2.699619867232984400E-016, 1.000000000000000000 ) ) ;
#561 = DIRECTION ( 'NONE',  ( -1.741690236924505800E-016, 1.000000000000000000, 0.0000000000000000000 ) ) ;
#562 = LINE ( 'NONE', #563, #1902 ) ;
#563 = CARTESIAN_POINT ( 'NONE',  ( -1.550000000000000000, -2.699619867232983900E-016, 0.08000000000000000200 ) ) ;
#564 = CARTESIAN_POINT ( 'NONE',  ( 1.600000000000000100, -1.444555015056670400E-016, 1.000000000000000000 ) ) ;
#565 = DIRECTION ( 'NONE',  ( -0.0000000000000000000, -0.0000000000000000000, -1.000000000000000000 ) ) ;
#566 = DIRECTION ( 'NONE',  ( 1.000000000000000000, 0.0000000000000000000, 0.0000000000000000000 ) ) ;
#567 = DIRECTION ( 'NONE',  ( -1.741690236924505800E-016, 1.000000000000000000, 0.0000000000000000000 ) ) ;
#568 = LINE ( 'NONE', #569, #1991 ) ;
#569 = CARTESIAN_POINT ( 'NONE',  ( -0.7500000000000000000, 0.8000000000000001600, 1.000000000000000000 ) ) ;
#570 = DIRECTION ( 'NONE',  ( -1.000000000000000000, -0.0000000000000000000, -0.0000000000000000000 ) ) ;
#571 = LINE ( 'NONE', #572, #1974 ) ;
#572 = CARTESIAN_POINT ( 'NONE',  ( -1.550000000000000000, -2.699619867232983900E-016, 1.000000000000000000 ) ) ;
#573 = DIRECTION ( 'NONE',  ( 1.741690236924505800E-016, -1.000000000000000000, 0.0000000000000000000 ) ) ;
#574 = LINE ( 'NONE', #575, #2081 ) ;
#575 = CARTESIAN_POINT ( 'NONE',  ( 1.550000000000000300, 2.699619867232984400E-016, 0.08000000000000000200 ) ) ;
#576 = CARTESIAN_POINT ( 'NONE',  ( -1.599999999999999900, -2.412831099714667200E-017, 1.000000000000000000 ) ) ;
#577 = DIRECTION ( 'NONE',  ( -0.0000000000000000000, -0.0000000000000000000, -1.000000000000000000 ) ) ;
#578 = DIRECTION ( 'NONE',  ( 1.000000000000000000, 0.0000000000000000000, 0.0000000000000000000 ) ) ;
#579 = DIRECTION ( 'NONE',  ( -1.741690236924505800E-016, 1.000000000000000000, 0.0000000000000000000 ) ) ;
#580 = LINE ( 'NONE', #581, #2013 ) ;
#581 = CARTESIAN_POINT ( 'NONE',  ( 0.7500000000000001100, 0.8000000000000000400, 0.08000000000000000200 ) ) ;
#582 = DIRECTION ( 'NONE',  ( 1.000000000000000000, -0.0000000000000000000, -0.0000000000000000000 ) ) ;
#583 = LINE ( 'NONE', #584, #2050 ) ;
#584 = CARTESIAN_POINT ( 'NONE',  ( 1.550000000000000300, 2.699619867232984400E-016, 0.08000000000000000200 ) ) ;
#585 = DIRECTION ( 'NONE',  ( 1.741690236924505800E-016, -1.000000000000000000, 0.0000000000000000000 ) ) ;
#586 = LINE ( 'NONE', #587, #2028 ) ;
#587 = CARTESIAN_POINT ( 'NONE',  ( -1.550000000000000300, 0.8000000000000001600, 1.080000000000000100 ) ) ;
#588 = CARTESIAN_POINT ( 'NONE',  ( 1.600000000000000100, -1.444555015056670400E-016, 0.08000000000000000200 ) ) ;
#589 = DIRECTION ( 'NONE',  ( -0.0000000000000000000, -0.0000000000000000000, 1.000000000000000000 ) ) ;
#590 = DIRECTION ( 'NONE',  ( -1.000000000000000000, 0.0000000000000000000, 0.0000000000000000000 ) ) ;
#591 = DIRECTION ( 'NONE',  ( 1.741690236924505800E-016, -1.000000000000000000, 0.0000000000000000000 ) ) ;
#592 = LINE ( 'NONE', #593, #1918 ) ;
#593 = CARTESIAN_POINT ( 'NONE',  ( 0.7500000000000001100, -0.7999999999999999300, 0.08000000000000000200 ) ) ;
#594 = DIRECTION ( 'NONE',  ( -1.000000000000000000, 0.0000000000000000000, 0.0000000000000000000 ) ) ;
#595 = LINE ( 'NONE', #596, #1910 ) ;
#596 = CARTESIAN_POINT ( 'NONE',  ( -1.550000000000000000, -2.699619867232983900E-016, 0.08000000000000000200 ) ) ;
#597 = DIRECTION ( 'NONE',  ( -1.741690236924505800E-016, 1.000000000000000000, 0.0000000000000000000 ) ) ;
#598 = LINE ( 'NONE', #614, #1965 ) ;
#599 = LINE ( 'NONE', #608, #2024 ) ;
#600 = CARTESIAN_POINT ( 'NONE',  ( -1.599999999999999900, -2.412831099714667200E-017, 0.08000000000000000200 ) ) ;
#601 = DIRECTION ( 'NONE',  ( -0.0000000000000000000, -0.0000000000000000000, 1.000000000000000000 ) ) ;
#602 = DIRECTION ( 'NONE',  ( -1.000000000000000000, 0.0000000000000000000, 0.0000000000000000000 ) ) ;
#603 = DIRECTION ( 'NONE',  ( 0.0000000000000000000, 0.0000000000000000000, -1.000000000000000000 ) ) ;
#604 = LINE ( 'NONE', #606, #2026 ) ;
#605 = CARTESIAN_POINT ( 'NONE',  ( 0.9500000000000001800, 0.003876699159950557100, 0.5910000000000046300 ) ) ;
#606 = CARTESIAN_POINT ( 'NONE',  ( -1.549999999999999800, -0.7999999999999999300, 1.080000000000000100 ) ) ;
#607 = DIRECTION ( 'NONE',  ( 0.0000000000000000000, 0.0000000000000000000, 1.000000000000000000 ) ) ;
#608 = CARTESIAN_POINT ( 'NONE',  ( -1.549999999999999800, -0.6480740698407858600, 0.0000000000000000000 ) ) ;
#609 = DIRECTION ( 'NONE',  ( 0.0000000000000000000, 0.0000000000000000000, -1.000000000000000000 ) ) ;
#610 = LINE ( 'NONE', #612, #1952 ) ;
#611 = CARTESIAN_POINT ( 'NONE',  ( 0.9499999999999730900, -3.843036662378502400E-014, 0.5910000000003504700 ) ) ;
#612 = CARTESIAN_POINT ( 'NONE',  ( 1.550000000000000000, 0.8000000000000001600, 1.080000000000000100 ) ) ;
#613 = DIRECTION ( 'NONE',  ( 0.0000000000000000000, 0.0000000000000000000, 1.000000000000000000 ) ) ;
#614 = CARTESIAN_POINT ( 'NONE',  ( 1.550000000000000000, 0.6480740698407855300, 0.0000000000000000000 ) ) ;
#615 = DIRECTION ( 'NONE',  ( 0.0000000000000000000, 0.0000000000000000000, -1.000000000000000000 ) ) ;
#616 = DIRECTION ( 'NONE',  ( -0.0000000000000000000, -0.0000000000000000000, 1.000000000000000000 ) ) ;
#617 = CARTESIAN_POINT ( 'NONE',  ( 0.9500355754355848100, 0.007778464455847314400, 0.5905521491364187400 ) ) ;
#618 = CARTESIAN_POINT ( 'NONE',  ( 0.9501026930609487400, 0.01155380601222046900, 0.5896740331222660700 ) ) ;
#619 = CARTESIAN_POINT ( 'NONE',  ( 0.9502012329732357800, 0.01709663956452283200, 0.5883848117807313200 ) ) ;
#620 = CARTESIAN_POINT ( 'NONE',  ( 0.9503714729602302800, 0.02249228711861164800, 0.5861242998885071200 ) ) ;
#621 = CARTESIAN_POINT ( 'NONE',  ( 0.9505734272603411100, 0.02729700752133242000, 0.5830798488899431300 ) ) ;
#622 = CARTESIAN_POINT ( 'NONE',  ( 0.9507758064124387500, 0.03211183563163108600, 0.5800289932688728100 ) ) ;
#623 = CARTESIAN_POINT ( 'NONE',  ( 0.9510140340115332800, 0.03646592171006823200, 0.5761070669026628900 ) ) ;
#624 = CARTESIAN_POINT ( 'NONE',  ( 0.9512320262025922800, 0.04000145215870942000, 0.5716367480186332900 ) ) ;
#625 = CARTESIAN_POINT ( 'NONE',  ( 0.9514504929245233300, 0.04354467883875701200, 0.5671566980322723100 ) ) ;
#626 = CARTESIAN_POINT ( 'NONE',  ( 0.9516529438160574700, 0.04636348540199122100, 0.5620018433035818300 ) ) ;
#627 = CARTESIAN_POINT ( 'NONE',  ( 0.9517913039226016900, 0.04822329654470373200, 0.5565986044703036300 ) ) ;
#628 = CARTESIAN_POINT ( 'NONE',  ( 0.9519295056793927200, 0.05008097917911382600, 0.5512015495115342200 ) ) ;
#629 = CARTESIAN_POINT ( 'NONE',  ( 0.9520064494950352100, 0.05103292716455629100, 0.5454072751599321500 ) ) ;
#630 = CARTESIAN_POINT ( 'NONE',  ( 0.9520037876087104100, 0.05099910515432664500, 0.5396978850252740500 ) ) ;
#631 = CARTESIAN_POINT ( 'NONE',  ( 0.9520011328886215400, 0.05096537419851125700, 0.5340038655078850300 ) ) ;
#632 = CARTESIAN_POINT ( 'NONE',  ( 0.9519192714398975200, 0.04995040143588016400, 0.5282373329873494300 ) ) ;
#633 = CARTESIAN_POINT ( 'NONE',  ( 0.9517776231668040300, 0.04803904841606840300, 0.5228754612535503300 ) ) ;
#634 = CARTESIAN_POINT ( 'NONE',  ( 0.9516359792996684800, 0.04612775484873562300, 0.5175137563003320300 ) ) ;
#635 = CARTESIAN_POINT ( 'NONE',  ( 0.9514318135748559600, 0.04326795608381092700, 0.5124091103426996500 ) ) ;
#636 = CARTESIAN_POINT ( 'NONE',  ( 0.9512132493072060800, 0.03969574442538772300, 0.5079805078973086400 ) ) ;
#637 = CARTESIAN_POINT ( 'NONE',  ( 0.9509940997784138700, 0.03611396726617068600, 0.5035400467480507500 ) ) ;
#638 = CARTESIAN_POINT ( 'NONE',  ( 0.9507561495590644000, 0.03171722768529222600, 0.4996568213446862000 ) ) ;
#639 = CARTESIAN_POINT ( 'NONE',  ( 0.9505555173156173800, 0.02686752520821191300, 0.4966509966759775100 ) ) ;
#640 = CARTESIAN_POINT ( 'NONE',  ( 0.9503546417521316900, 0.02201194117503849400, 0.4936415266441813700 ) ) ;
#641 = CARTESIAN_POINT ( 'NONE',  ( 0.9501872058744983400, 0.01656775924740892100, 0.4914286667980403100 ) ) ;
#642 = CARTESIAN_POINT ( 'NONE',  ( 0.9500928572040767700, 0.01098661653279553500, 0.4901974472826812200 ) ) ;
#643 = CARTESIAN_POINT ( 'NONE',  ( 0.9500320496859073800, 0.007389581879224079900, 0.4894039289138884500 ) ) ;
#644 = CARTESIAN_POINT ( 'NONE',  ( 0.9500000000000002900, 0.003684023242987520100, 0.4889999999999999300 ) ) ;
#645 = CARTESIAN_POINT ( 'NONE',  ( 0.9499999999999855200, 4.262279626278110400E-014, 0.4889999999998083700 ) ) ;
#646 = LINE ( 'NONE', #648, #2036 ) ;
#647 = FACE_OUTER_BOUND ( 'NONE', #1150, .T. ) ;
#648 = CARTESIAN_POINT ( 'NONE',  ( 1.550000000000000500, -0.6480740698407857500, 0.0000000000000000000 ) ) ;
#649 = DIRECTION ( 'NONE',  ( -0.0000000000000000000, -0.0000000000000000000, 1.000000000000000000 ) ) ;
#650 = CARTESIAN_POINT ( 'NONE',  ( -1.550000000000000000, -2.100641709190664800E-016, 0.0000000000000000000 ) ) ;
#651 = PLANE ( 'NONE',  #1973 ) ;
#652 = CARTESIAN_POINT ( 'NONE',  ( -1.550000000000000000, -2.100641709190664800E-016, 0.0000000000000000000 ) ) ;
#653 = DIRECTION ( 'NONE',  ( -1.000000000000000000, -1.741690236924505800E-016, 0.0000000000000000000 ) ) ;
#654 = DIRECTION ( 'NONE',  ( 1.741690236924505800E-016, -1.000000000000000000, 0.0000000000000000000 ) ) ;
#655 = FACE_OUTER_BOUND ( 'NONE', #1007, .T. ) ;
#656 = PLANE ( 'NONE',  #2008 ) ;
#657 = CARTESIAN_POINT ( 'NONE',  ( 1.550000000000000300, 0.0000000000000000000, 0.0000000000000000000 ) ) ;
#658 = DIRECTION ( 'NONE',  ( -1.000000000000000000, -1.741690236924505800E-016, 0.0000000000000000000 ) ) ;
#659 = DIRECTION ( 'NONE',  ( 1.741690236924505800E-016, -1.000000000000000000, 0.0000000000000000000 ) ) ;
#660 = FACE_OUTER_BOUND ( 'NONE', #1147, .T. ) ;
#661 = CARTESIAN_POINT ( 'NONE',  ( -1.599999999999999900, -2.412831099714667200E-017, 0.0000000000000000000 ) ) ;
#662 = CYLINDRICAL_SURFACE ( 'NONE', #1932, 0.6499999999999998000 ) ;
#663 = DIRECTION ( 'NONE',  ( 1.000000000000000000, 0.0000000000000000000, 0.0000000000000000000 ) ) ;
#664 = FACE_OUTER_BOUND ( 'NONE', #1149, .T. ) ;
#665 = PLANE ( 'NONE',  #2083 ) ;
#666 = DIRECTION ( 'NONE',  ( -0.0000000000000000000, -0.0000000000000000000, 1.000000000000000000 ) ) ;
#667 = FACE_OUTER_BOUND ( 'NONE', #1120, .T. ) ;
#668 = DIRECTION ( 'NONE',  ( 1.000000000000000000, 1.741690236924505800E-016, 0.0000000000000000000 ) ) ;
#669 = DIRECTION ( 'NONE',  ( -1.741690236924505800E-016, 1.000000000000000000, 0.0000000000000000000 ) ) ;
#670 = CYLINDRICAL_SURFACE ( 'NONE', #1993, 0.6499999999999993600 ) ;
#671 = FACE_BOUND ( 'NONE', #988, .T. ) ;
#672 = CARTESIAN_POINT ( 'NONE',  ( 1.600000000000000100, -1.444555015056670400E-016, 0.0000000000000000000 ) ) ;
#673 = CARTESIAN_POINT ( 'NONE',  ( 1.550000000000000300, 0.0000000000000000000, 0.0000000000000000000 ) ) ;
#674 = DIRECTION ( 'NONE',  ( 1.000000000000000000, 0.0000000000000000000, 0.0000000000000000000 ) ) ;
#675 = FACE_OUTER_BOUND ( 'NONE', #1131, .T. ) ;
#676 = PLANE ( 'NONE',  #1982 ) ;
#677 = CARTESIAN_POINT ( 'NONE',  ( -1.599999999999999900, -0.7999999999999999300, 1.080000000000000100 ) ) ;
#678 = CARTESIAN_POINT ( 'NONE',  ( -1.600000000000000100, 0.8000000000000001600, 1.080000000000000100 ) ) ;
#679 = DIRECTION ( 'NONE',  ( 1.000000000000000000, 1.741690236924505800E-016, 0.0000000000000000000 ) ) ;
#680 = DIRECTION ( 'NONE',  ( -1.741690236924505800E-016, 1.000000000000000000, 0.0000000000000000000 ) ) ;
#681 = FACE_OUTER_BOUND ( 'NONE', #1112, .T. ) ;
#682 = PLANE ( 'NONE',  #2042 ) ;
#683 = DIRECTION ( 'NONE',  ( 1.000000000000000000, -0.0000000000000000000, -0.0000000000000000000 ) ) ;
#684 = DIRECTION ( 'NONE',  ( 0.0000000000000000000, 1.000000000000000000, 0.0000000000000000000 ) ) ;
#685 = DIRECTION ( 'NONE',  ( 0.0000000000000000000, -0.0000000000000000000, 1.000000000000000000 ) ) ;
#686 = FACE_OUTER_BOUND ( 'NONE', #1111, .T. ) ;
#687 = PLANE ( 'NONE',  #1962 ) ;
#688 = DIRECTION ( 'NONE',  ( -0.0000000000000000000, -0.0000000000000000000, 1.000000000000000000 ) ) ;
#689 = DIRECTION ( 'NONE',  ( 0.0000000000000000000, -1.000000000000000000, 0.0000000000000000000 ) ) ;
#690 = DIRECTION ( 'NONE',  ( 0.0000000000000000000, -0.0000000000000000000, -1.000000000000000000 ) ) ;
#691 = FACE_OUTER_BOUND ( 'NONE', #1092, .T. ) ;
#692 = CARTESIAN_POINT ( 'NONE',  ( -5.000000000000000000, 1.084202172485504400E-016, 0.5400000000000000400 ) ) ;
#693 = CYLINDRICAL_SURFACE ( 'NONE', #1925, 0.05100000000000004500 ) ;
#694 = DIRECTION ( 'NONE',  ( 0.0000000000000000000, 0.0000000000000000000, -1.000000000000000000 ) ) ;
#695 = CYLINDRICAL_SURFACE ( 'NONE', #1966, 0.5000000000000000000 ) ;
#696 = FACE_OUTER_BOUND ( 'NONE', #1161, .T. ) ;
#697 = FACE_BOUND ( 'NONE', #989, .T. ) ;
#698 = CARTESIAN_POINT ( 'NONE',  ( -0.2500000000000001100, 0.0000000000000000000, 0.2899999999999999800 ) ) ;
#699 = DIRECTION ( 'NONE',  ( 1.000000000000000000, 0.0000000000000000000, 0.0000000000000000000 ) ) ;
#700 = CARTESIAN_POINT ( 'NONE',  ( -0.2500000000000002200, -0.5000000000000000000, 0.2899999999999999800 ) ) ;
#701 = LINE ( 'NONE', #702, #1923 ) ;
#702 = CARTESIAN_POINT ( 'NONE',  ( 1.550000000000000300, -0.7999999999999999300, 1.080000000000000100 ) ) ;
#703 = DIRECTION ( 'NONE',  ( 0.0000000000000000000, 0.0000000000000000000, -1.000000000000000000 ) ) ;
#704 = CARTESIAN_POINT ( 'NONE',  ( -0.2500000000000000000, 0.5000000000000000000, 0.2899999999999999800 ) ) ;
#705 = LINE ( 'NONE', #700, #1959 ) ;
#706 = CARTESIAN_POINT ( 'NONE',  ( -0.2500000000000001100, 0.0000000000000000000, 0.7900000000000000400 ) ) ;
#707 = DIRECTION ( 'NONE',  ( 0.0000000000000000000, 0.0000000000000000000, 1.000000000000000000 ) ) ;
#708 = DIRECTION ( 'NONE',  ( 1.000000000000000000, 0.0000000000000000000, 0.0000000000000000000 ) ) ;
#709 = LINE ( 'NONE', #704, #2017 ) ;
#710 = DIRECTION ( 'NONE',  ( -0.0000000000000000000, -0.0000000000000000000, 1.000000000000000000 ) ) ;
#711 = LINE ( 'NONE', #712, #1963 ) ;
#712 = CARTESIAN_POINT ( 'NONE',  ( 0.2500000000000000000, -0.5000000000000000000, 0.2899999999999999800 ) ) ;
#713 = CARTESIAN_POINT ( 'NONE',  ( -0.2500000000000001100, 0.0000000000000000000, 0.2899999999999999800 ) ) ;
#714 = DIRECTION ( 'NONE',  ( 0.0000000000000000000, 0.0000000000000000000, 1.000000000000000000 ) ) ;
#715 = DIRECTION ( 'NONE',  ( 1.000000000000000000, 0.0000000000000000000, 0.0000000000000000000 ) ) ;
#716 = DIRECTION ( 'NONE',  ( -0.0000000000000000000, -0.0000000000000000000, 1.000000000000000000 ) ) ;
#717 = CARTESIAN_POINT ( 'NONE',  ( -0.2500000000000000000, 0.5000000000000000000, 0.7900000000000000400 ) ) ;
#718 = CARTESIAN_POINT ( 'NONE',  ( 0.2500000000000001100, 0.0000000000000000000, 0.2899999999999999800 ) ) ;
#719 = DIRECTION ( 'NONE',  ( 0.0000000000000000000, 0.0000000000000000000, 1.000000000000000000 ) ) ;
#720 = DIRECTION ( 'NONE',  ( 1.000000000000000000, 0.0000000000000000000, 0.0000000000000000000 ) ) ;
#721 = LINE ( 'NONE', #717, #1919 ) ;
#722 = DIRECTION ( 'NONE',  ( -0.0000000000000000000, -0.0000000000000000000, 1.000000000000000000 ) ) ;
#723 = CARTESIAN_POINT ( 'NONE',  ( 0.2500000000000001100, 0.0000000000000000000, 0.7900000000000000400 ) ) ;
#724 = DIRECTION ( 'NONE',  ( 0.0000000000000000000, 0.0000000000000000000, 1.000000000000000000 ) ) ;
#725 = DIRECTION ( 'NONE',  ( 1.000000000000000000, 0.0000000000000000000, 0.0000000000000000000 ) ) ;
#726 = DIRECTION ( 'NONE',  ( -1.000000000000000000, -0.0000000000000000000, -0.0000000000000000000 ) ) ;
#727 = LINE ( 'NONE', #728, #1951 ) ;
#728 = CARTESIAN_POINT ( 'NONE',  ( -0.2500000000000000000, 0.5000000000000000000, 0.2899999999999999800 ) ) ;
#729 = DIRECTION ( 'NONE',  ( -1.000000000000000000, -0.0000000000000000000, -0.0000000000000000000 ) ) ;
#730 = LINE ( 'NONE', #731, #1985 ) ;
#731 = CARTESIAN_POINT ( 'NONE',  ( -0.2500000000000002200, -0.5000000000000000000, 0.7900000000000000400 ) ) ;
#732 = DIRECTION ( 'NONE',  ( 1.000000000000000000, 0.0000000000000000000, 0.0000000000000000000 ) ) ;
#733 = LINE ( 'NONE', #734, #2046 ) ;
#734 = CARTESIAN_POINT ( 'NONE',  ( -0.2500000000000002200, -0.5000000000000000000, 0.2899999999999999800 ) ) ;
#735 = DIRECTION ( 'NONE',  ( 1.000000000000000000, 0.0000000000000000000, 0.0000000000000000000 ) ) ;
#736 = CARTESIAN_POINT ( 'NONE',  ( 1.000000000000000000, 0.0000000000000000000, 0.6400000000000000100 ) ) ;
#737 = DIRECTION ( 'NONE',  ( -0.0000000000000000000, 1.000000000000000000, -0.0000000000000000000 ) ) ;
#738 = DIRECTION ( 'NONE',  ( 0.0000000000000000000, 0.0000000000000000000, 1.000000000000000000 ) ) ;
#739 = CARTESIAN_POINT ( 'NONE',  ( 1.100000000000000800, 0.0000000000000000000, 0.6400000000000000100 ) ) ;
#740 = DIRECTION ( 'NONE',  ( 0.0000000000000000000, 0.0000000000000000000, 1.000000000000000000 ) ) ;
#741 = DIRECTION ( 'NONE',  ( 1.000000000000000000, 0.0000000000000000000, 0.0000000000000000000 ) ) ;
#742 = CARTESIAN_POINT ( 'NONE',  ( 1.000000000000000000, 0.0000000000000000000, 0.5399999999999992600 ) ) ;
#743 = DIRECTION ( 'NONE',  ( 1.000000000000000000, 0.0000000000000000000, 6.123233995736766000E-017 ) ) ;
#744 = DIRECTION ( 'NONE',  ( 0.0000000000000000000, 0.0000000000000000000, -1.000000000000000000 ) ) ;
#745 = CARTESIAN_POINT ( 'NONE',  ( 1.000000000000000000, -6.245698675651512200E-018, 0.6400000000000000100 ) ) ;
#746 = DIRECTION ( 'NONE',  ( -0.0000000000000000000, 1.000000000000000000, -0.0000000000000000000 ) ) ;
#747 = DIRECTION ( 'NONE',  ( 0.0000000000000000000, 0.0000000000000000000, 1.000000000000000000 ) ) ;
#748 = CARTESIAN_POINT ( 'NONE',  ( -1.000000000000000000, 0.0000000000000000000, 0.5399999999999995900 ) ) ;
#749 = DIRECTION ( 'NONE',  ( 1.000000000000000000, 0.0000000000000000000, 6.123233995736766000E-017 ) ) ;
#750 = DIRECTION ( 'NONE',  ( 0.0000000000000000000, 0.0000000000000000000, -1.000000000000000000 ) ) ;
#751 = CARTESIAN_POINT ( 'NONE',  ( -1.000000000000000000, 0.0000000000000000000, 0.6400000000000002400 ) ) ;
#752 = DIRECTION ( 'NONE',  ( 0.0000000000000000000, 1.000000000000000000, 0.0000000000000000000 ) ) ;
#753 = DIRECTION ( 'NONE',  ( 0.0000000000000000000, 0.0000000000000000000, 1.000000000000000000 ) ) ;
#754 =( LENGTH_UNIT ( ) NAMED_UNIT ( * ) SI_UNIT ( .MILLI., .METRE. ) );
#755 =( NAMED_UNIT ( * ) PLANE_ANGLE_UNIT ( ) SI_UNIT ( $, .RADIAN. ) );
#756 =( NAMED_UNIT ( * ) SI_UNIT ( $, .STERADIAN. ) SOLID_ANGLE_UNIT ( ) );
#757 = MECHANICAL_CONTEXT ( 'NONE', #2262, 'mechanical' ) ;
#758 = SHAPE_DEFINITION_REPRESENTATION ( #1243, #1239 ) ;
#759 = APPLICATION_PROTOCOL_DEFINITION ( 'international standard', 'config_control_design', 1994, #2262 ) ;
#760 = CARTESIAN_POINT ( 'NONE',  ( 0.0000000000000000000, 0.0000000000000000000, 0.0000000000000000000 ) ) ;
#761 = DIRECTION ( 'NONE',  ( 0.0000000000000000000, 0.0000000000000000000, 1.000000000000000000 ) ) ;
#762 = DIRECTION ( 'NONE',  ( 1.000000000000000000, 0.0000000000000000000, 0.0000000000000000000 ) ) ;
#763 = PERSON_AND_ORGANIZATION ( #1240, #1970 ) ;
#764 = PERSON_AND_ORGANIZATION_ROLE ( 'design_owner' ) ;
#765 = APPLICATION_PROTOCOL_DEFINITION ( 'international standard', 'config_control_design', 1994, #2261 ) ;
#766 = PERSON_AND_ORGANIZATION ( #1240, #1970 ) ;
#767 = APPROVAL_STATUS ( 'not_yet_approved' ) ;
#768 = APPROVAL_ROLE ( '' ) ;
#769 = COORDINATED_UNIVERSAL_TIME_OFFSET ( 8, 0, .AHEAD. ) ;
#770 = CALENDAR_DATE ( 2017, 25, 9 ) ;
#771 = DATE_AND_TIME ( #770, #2068 ) ;
#772 = APPROVAL_DATE_TIME ( #771, #2286 ) ;
#773 = PERSON_AND_ORGANIZATION ( #1240, #1970 ) ;
#774 = PERSON_AND_ORGANIZATION_ROLE ( 'creator' ) ;
#775 = COORDINATED_UNIVERSAL_TIME_OFFSET ( 8, 0, .AHEAD. ) ;
#776 = CALENDAR_DATE ( 2017, 25, 9 ) ;
#777 = DATE_AND_TIME ( #776, #2065 ) ;
#778 = DATE_TIME_ROLE ( 'creation_date' ) ;
#779 = PERSON_AND_ORGANIZATION ( #1240, #1970 ) ;
#780 = APPROVAL_STATUS ( 'not_yet_approved' ) ;
#781 = APPROVAL_ROLE ( '' ) ;
#782 = COORDINATED_UNIVERSAL_TIME_OFFSET ( 8, 0, .AHEAD. ) ;
#783 = CALENDAR_DATE ( 2017, 25, 9 ) ;
#784 = DATE_AND_TIME ( #783, #1972 ) ;
#785 = APPROVAL_DATE_TIME ( #784, #2293 ) ;
#786 = PERSON_AND_ORGANIZATION ( #1240, #1970 ) ;
#787 = PERSON_AND_ORGANIZATION_ROLE ( 'creator' ) ;
#788 = PERSON_AND_ORGANIZATION ( #1240, #1970 ) ;
#789 = PERSON_AND_ORGANIZATION_ROLE ( 'design_supplier' ) ;
#790 = SECURITY_CLASSIFICATION_LEVEL ( 'unclassified' ) ;
#791 = PERSON_AND_ORGANIZATION ( #1240, #1970 ) ;
#792 = PERSON_AND_ORGANIZATION_ROLE ( 'classification_officer' ) ;
#793 = COORDINATED_UNIVERSAL_TIME_OFFSET ( 8, 0, .AHEAD. ) ;
#794 = CALENDAR_DATE ( 2017, 25, 9 ) ;
#795 = DATE_AND_TIME ( #794, #2052 ) ;
#796 = DATE_TIME_ROLE ( 'classification_date' ) ;
#797 = PERSON_AND_ORGANIZATION ( #1240, #1970 ) ;
#798 = APPROVAL_STATUS ( 'not_yet_approved' ) ;
#799 = APPROVAL_ROLE ( '' ) ;
#800 = COORDINATED_UNIVERSAL_TIME_OFFSET ( 8, 0, .AHEAD. ) ;
#801 = CALENDAR_DATE ( 2017, 25, 9 ) ;
#802 = DATE_AND_TIME ( #801, #1961 ) ;
#803 = APPROVAL_DATE_TIME ( #802, #2298 ) ;
#804 = DIRECTION ( 'NONE',  ( 0.0000000000000000000, 0.0000000000000000000, 1.000000000000000000 ) ) ;
#805 = DIRECTION ( 'NONE',  ( 1.000000000000000000, 0.0000000000000000000, -0.0000000000000000000 ) ) ;
#806 = ORIENTED_EDGE ( 'NONE', *, *, #2492, .F. ) ;
#807 = ORIENTED_EDGE ( 'NONE', *, *, #2500, .F. ) ;
#808 = ORIENTED_EDGE ( 'NONE', *, *, #2507, .F. ) ;
#809 = ORIENTED_EDGE ( 'NONE', *, *, #2499, .F. ) ;
#810 = ORIENTED_EDGE ( 'NONE', *, *, #2496, .F. ) ;
#811 = ORIENTED_EDGE ( 'NONE', *, *, #2510, .F. ) ;
#812 = ORIENTED_EDGE ( 'NONE', *, *, #2362, .F. ) ;
#813 = ORIENTED_EDGE ( 'NONE', *, *, #2357, .T. ) ;
#814 = ORIENTED_EDGE ( 'NONE', *, *, #2505, .T. ) ;
#815 = ORIENTED_EDGE ( 'NONE', *, *, #2479, .T. ) ;
#816 = ORIENTED_EDGE ( 'NONE', *, *, #2512, .F. ) ;
#817 = ORIENTED_EDGE ( 'NONE', *, *, #2525, .T. ) ;
#818 = ORIENTED_EDGE ( 'NONE', *, *, #2526, .F. ) ;
#819 = ORIENTED_EDGE ( 'NONE', *, *, #2527, .F. ) ;
#820 = ORIENTED_EDGE ( 'NONE', *, *, #2528, .T. ) ;
#821 = ORIENTED_EDGE ( 'NONE', *, *, #2490, .F. ) ;
#822 = ORIENTED_EDGE ( 'NONE', *, *, #2488, .F. ) ;
#823 = ORIENTED_EDGE ( 'NONE', *, *, #2355, .F. ) ;
#824 = ORIENTED_EDGE ( 'NONE', *, *, #2503, .T. ) ;
#825 = ORIENTED_EDGE ( 'NONE', *, *, #2529, .F. ) ;
#826 = ORIENTED_EDGE ( 'NONE', *, *, #2530, .T. ) ;
#827 = ORIENTED_EDGE ( 'NONE', *, *, #2531, .T. ) ;
#828 = ORIENTED_EDGE ( 'NONE', *, *, #2358, .F. ) ;
#829 = ORIENTED_EDGE ( 'NONE', *, *, #2361, .F. ) ;
#830 = ORIENTED_EDGE ( 'NONE', *, *, #2532, .T. ) ;
#831 = ORIENTED_EDGE ( 'NONE', *, *, #2528, .F. ) ;
#832 = ORIENTED_EDGE ( 'NONE', *, *, #2533, .F. ) ;
#833 = ORIENTED_EDGE ( 'NONE', *, *, #2360, .T. ) ;
#834 = ORIENTED_EDGE ( 'NONE', *, *, #2534, .T. ) ;
#835 = ORIENTED_EDGE ( 'NONE', *, *, #2530, .F. ) ;
#836 = ORIENTED_EDGE ( 'NONE', *, *, #2535, .F. ) ;
#837 = ORIENTED_EDGE ( 'NONE', *, *, #2526, .T. ) ;
#838 = ORIENTED_EDGE ( 'NONE', *, *, #2527, .T. ) ;
#839 = ORIENTED_EDGE ( 'NONE', *, *, #2535, .T. ) ;
#840 = ORIENTED_EDGE ( 'NONE', *, *, #2529, .T. ) ;
#841 = ORIENTED_EDGE ( 'NONE', *, *, #2356, .T. ) ;
#842 = ORIENTED_EDGE ( 'NONE', *, *, #2533, .T. ) ;
#843 = ORIENTED_EDGE ( 'NONE', *, *, #2525, .F. ) ;
#844 = ORIENTED_EDGE ( 'NONE', *, *, #2532, .F. ) ;
#845 = ORIENTED_EDGE ( 'NONE', *, *, #2359, .F. ) ;
#846 = ORIENTED_EDGE ( 'NONE', *, *, #2538, .T. ) ;
#847 = ORIENTED_EDGE ( 'NONE', *, *, #2531, .F. ) ;
#848 = ORIENTED_EDGE ( 'NONE', *, *, #2507, .T. ) ;
#849 = ORIENTED_EDGE ( 'NONE', *, *, #2539, .F. ) ;
#850 = ORIENTED_EDGE ( 'NONE', *, *, #2540, .F. ) ;
#851 = ORIENTED_EDGE ( 'NONE', *, *, #2541, .T. ) ;
#852 = ORIENTED_EDGE ( 'NONE', *, *, #2534, .F. ) ;
#853 = ORIENTED_EDGE ( 'NONE', *, *, #2264, .T. ) ;
#854 = ORIENTED_EDGE ( 'NONE', *, *, #2537, .F. ) ;
#855 = ORIENTED_EDGE ( 'NONE', *, *, #2265, .F. ) ;
#856 = ORIENTED_EDGE ( 'NONE', *, *, #2537, .T. ) ;
#857 = ORIENTED_EDGE ( 'NONE', *, *, #2266, .T. ) ;
#858 = ORIENTED_EDGE ( 'NONE', *, *, #2536, .T. ) ;
#859 = ORIENTED_EDGE ( 'NONE', *, *, #2267, .F. ) ;
#860 = ORIENTED_EDGE ( 'NONE', *, *, #2268, .F. ) ;
#861 = ORIENTED_EDGE ( 'NONE', *, *, #2538, .F. ) ;
#862 = ORIENTED_EDGE ( 'NONE', *, *, #2269, .T. ) ;
#863 = ORIENTED_EDGE ( 'NONE', *, *, #2540, .T. ) ;
#864 = ORIENTED_EDGE ( 'NONE', *, *, #2270, .F. ) ;
#865 = ORIENTED_EDGE ( 'NONE', *, *, #2264, .F. ) ;
#866 = ORIENTED_EDGE ( 'NONE', *, *, #2271, .T. ) ;
#867 = ORIENTED_EDGE ( 'NONE', *, *, #2272, .T. ) ;
#868 = ORIENTED_EDGE ( 'NONE', *, *, #2273, .F. ) ;
#869 = ORIENTED_EDGE ( 'NONE', *, *, #2271, .F. ) ;
#870 = ORIENTED_EDGE ( 'NONE', *, *, #2274, .F. ) ;
#871 = ORIENTED_EDGE ( 'NONE', *, *, #2273, .T. ) ;
#872 = ORIENTED_EDGE ( 'NONE', *, *, #2275, .T. ) ;
#873 = ORIENTED_EDGE ( 'NONE', *, *, #2541, .F. ) ;
#874 = ORIENTED_EDGE ( 'NONE', *, *, #2276, .F. ) ;
#875 = ORIENTED_EDGE ( 'NONE', *, *, #2497, .F. ) ;
#876 = ORIENTED_EDGE ( 'NONE', *, *, #2265, .T. ) ;
#877 = ORIENTED_EDGE ( 'NONE', *, *, #2274, .T. ) ;
#878 = ORIENTED_EDGE ( 'NONE', *, *, #2269, .F. ) ;
#879 = ORIENTED_EDGE ( 'NONE', *, *, #2277, .F. ) ;
#880 = ORIENTED_EDGE ( 'NONE', *, *, #2270, .T. ) ;
#881 = ORIENTED_EDGE ( 'NONE', *, *, #2276, .T. ) ;
#882 = ORIENTED_EDGE ( 'NONE', *, *, #2536, .F. ) ;
#883 = ORIENTED_EDGE ( 'NONE', *, *, #2506, .T. ) ;
#884 = ORIENTED_EDGE ( 'NONE', *, *, #2278, .F. ) ;
#885 = ORIENTED_EDGE ( 'NONE', *, *, #2539, .T. ) ;
#886 = ORIENTED_EDGE ( 'NONE', *, *, #2277, .T. ) ;
#887 = ORIENTED_EDGE ( 'NONE', *, *, #2266, .F. ) ;
#888 = ORIENTED_EDGE ( 'NONE', *, *, #2278, .T. ) ;
#889 = ORIENTED_EDGE ( 'NONE', *, *, #2268, .T. ) ;
#890 = ORIENTED_EDGE ( 'NONE', *, *, #2279, .F. ) ;
#891 = ORIENTED_EDGE ( 'NONE', *, *, #2275, .F. ) ;
#892 = ORIENTED_EDGE ( 'NONE', *, *, #2272, .F. ) ;
#893 = ORIENTED_EDGE ( 'NONE', *, *, #2267, .T. ) ;
#894 = ORIENTED_EDGE ( 'NONE', *, *, #2279, .T. ) ;
#895 = VERTEX_POINT ( 'NONE', #966 ) ;
#896 = VERTEX_POINT ( 'NONE', #2095 ) ;
#897 = VERTEX_POINT ( 'NONE', #2094 ) ;
#898 = VERTEX_POINT ( 'NONE', #961 ) ;
#899 = VERTEX_POINT ( 'NONE', #963 ) ;
#900 = VERTEX_POINT ( 'NONE', #958 ) ;
#901 = VERTEX_POINT ( 'NONE', #962 ) ;
#902 = VERTEX_POINT ( 'NONE', #967 ) ;
#903 = VERTEX_POINT ( 'NONE', #959 ) ;
#904 = VERTEX_POINT ( 'NONE', #960 ) ;
#905 = VERTEX_POINT ( 'NONE', #964 ) ;
#906 = VERTEX_POINT ( 'NONE', #2093 ) ;
#907 = VERTEX_POINT ( 'NONE', #2092 ) ;
#908 = VERTEX_POINT ( 'NONE', #2091 ) ;
#909 = VERTEX_POINT ( 'NONE', #2090 ) ;
#910 = VERTEX_POINT ( 'NONE', #2089 ) ;
#911 = VERTEX_POINT ( 'NONE', #2088 ) ;
#912 = VERTEX_POINT ( 'NONE', #382 ) ;
#913 = VERTEX_POINT ( 'NONE', #381 ) ;
#914 = VERTEX_POINT ( 'NONE', #380 ) ;
#915 = VERTEX_POINT ( 'NONE', #379 ) ;
#916 = VERTEX_POINT ( 'NONE', #378 ) ;
#917 = VERTEX_POINT ( 'NONE', #377 ) ;
#918 = VERTEX_POINT ( 'NONE', #376 ) ;
#919 = VERTEX_POINT ( 'NONE', #375 ) ;
#920 = VERTEX_POINT ( 'NONE', #374 ) ;
#921 = ORIENTED_EDGE ( 'NONE', *, *, #1290, .F. ) ;
#922 = VERTEX_POINT ( 'NONE', #373 ) ;
#923 = VERTEX_POINT ( 'NONE', #372 ) ;
#924 = VERTEX_POINT ( 'NONE', #371 ) ;
#925 = VERTEX_POINT ( 'NONE', #370 ) ;
#926 = VERTEX_POINT ( 'NONE', #369 ) ;
#927 = VERTEX_POINT ( 'NONE', #368 ) ;
#928 = ORIENTED_EDGE ( 'NONE', *, *, #1251, .T. ) ;
#929 = ORIENTED_EDGE ( 'NONE', *, *, #2413, .F. ) ;
#930 = ORIENTED_EDGE ( 'NONE', *, *, #2414, .F. ) ;
#931 = ORIENTED_EDGE ( 'NONE', *, *, #2415, .F. ) ;
#932 = ORIENTED_EDGE ( 'NONE', *, *, #2416, .F. ) ;
#933 = ORIENTED_EDGE ( 'NONE', *, *, #1244, .T. ) ;
#934 = ORIENTED_EDGE ( 'NONE', *, *, #1246, .T. ) ;
#935 = ORIENTED_EDGE ( 'NONE', *, *, #1250, .T. ) ;
#936 = VERTEX_POINT ( 'NONE', #365 ) ;
#937 = ORIENTED_EDGE ( 'NONE', *, *, #1293, .T. ) ;
#938 = ORIENTED_EDGE ( 'NONE', *, *, #2415, .T. ) ;
#939 = ORIENTED_EDGE ( 'NONE', *, *, #1292, .T. ) ;
#940 = ORIENTED_EDGE ( 'NONE', *, *, #1295, .F. ) ;
#941 = VERTEX_POINT ( 'NONE', #366 ) ;
#942 = ORIENTED_EDGE ( 'NONE', *, *, #1294, .T. ) ;
#943 = ORIENTED_EDGE ( 'NONE', *, *, #1291, .T. ) ;
#944 = ORIENTED_EDGE ( 'NONE', *, *, #1254, .T. ) ;
#945 = ORIENTED_EDGE ( 'NONE', *, *, #1296, .T. ) ;
#946 = ORIENTED_EDGE ( 'NONE', *, *, #1252, .T. ) ;
#947 = ORIENTED_EDGE ( 'NONE', *, *, #1255, .T. ) ;
#948 = ORIENTED_EDGE ( 'NONE', *, *, #1254, .F. ) ;
#949 = ORIENTED_EDGE ( 'NONE', *, *, #1245, .T. ) ;
#950 = ORIENTED_EDGE ( 'NONE', *, *, #1255, .F. ) ;
#951 = ORIENTED_EDGE ( 'NONE', *, *, #1247, .F. ) ;
#952 = ORIENTED_EDGE ( 'NONE', *, *, #1248, .F. ) ;
#953 = ORIENTED_EDGE ( 'NONE', *, *, #1256, .F. ) ;
#954 = ORIENTED_EDGE ( 'NONE', *, *, #1257, .F. ) ;
#955 = ORIENTED_EDGE ( 'NONE', *, *, #1249, .F. ) ;
#956 = ORIENTED_EDGE ( 'NONE', *, *, #1253, .T. ) ;
#957 = ORIENTED_EDGE ( 'NONE', *, *, #1258, .T. ) ;
#958 = CARTESIAN_POINT ( 'NONE',  ( -1.151000000000000500, 6.245698675651517600E-018, 0.6400000000000001200 ) ) ;
#959 = CARTESIAN_POINT ( 'NONE',  ( -0.2500000000000002200, -0.5000000000000000000, 0.7900000000000000400 ) ) ;
#960 = CARTESIAN_POINT ( 'NONE',  ( 1.550000000000000500, -0.6480740698407857500, 1.000000000000000000 ) ) ;
#961 = CARTESIAN_POINT ( 'NONE',  ( -1.000000000000000000, 6.245698675651517600E-018, 0.4889999999999995500 ) ) ;
#962 = CARTESIAN_POINT ( 'NONE',  ( -1.049000000000000200, 0.0000000000000000000, 0.9400000000000001700 ) ) ;
#963 = CARTESIAN_POINT ( 'NONE',  ( 1.000000000000000000, 6.245698675651543800E-018, 0.4889999999999992100 ) ) ;
#964 = CARTESIAN_POINT ( 'NONE',  ( 1.049000000000000600, 6.245698675651517600E-018, 0.6400000000000000100 ) ) ;
#965 = VERTEX_POINT ( 'NONE', #363 ) ;
#966 = CARTESIAN_POINT ( 'NONE',  ( 1.000000000000000000, 0.0000000000000000000, 0.5909999999999993000 ) ) ;
#967 = CARTESIAN_POINT ( 'NONE',  ( 1.151000000000000700, 0.0000000000000000000, 0.9400000000000000600 ) ) ;
#968 = ORIENTED_EDGE ( 'NONE', *, *, #1289, .T. ) ;
#969 = ORIENTED_EDGE ( 'NONE', *, *, #2347, .T. ) ;
#970 = ORIENTED_EDGE ( 'NONE', *, *, #2353, .F. ) ;
#971 = ORIENTED_EDGE ( 'NONE', *, *, #2413, .T. ) ;
#972 = EDGE_LOOP ( 'NONE', ( #834, #835, #836, #837 ) ) ;
#973 = EDGE_LOOP ( 'NONE', ( #929, #928, #945, #940, #942, #937, #944, #939 ) ) ;
#974 = EDGE_LOOP ( 'NONE', ( #891, #892 ) ) ;
#975 = ORIENTED_EDGE ( 'NONE', *, *, #2330, .F. ) ;
#976 = ORIENTED_EDGE ( 'NONE', *, *, #2331, .F. ) ;
#977 = ORIENTED_EDGE ( 'NONE', *, *, #1288, .F. ) ;
#978 = EDGE_LOOP ( 'NONE', ( #854, #858, #846, #849 ) ) ;
#979 = ORIENTED_EDGE ( 'NONE', *, *, #2352, .F. ) ;
#980 = ORIENTED_EDGE ( 'NONE', *, *, #1288, .T. ) ;
#981 = ORIENTED_EDGE ( 'NONE', *, *, #1292, .F. ) ;
#982 = ORIENTED_EDGE ( 'NONE', *, *, #1245, .F. ) ;
#983 = ORIENTED_EDGE ( 'NONE', *, *, #2414, .T. ) ;
#984 = ORIENTED_EDGE ( 'NONE', *, *, #1253, .F. ) ;
#985 = ORIENTED_EDGE ( 'NONE', *, *, #2363, .F. ) ;
#986 = ORIENTED_EDGE ( 'NONE', *, *, #1287, .F. ) ;
#987 = ORIENTED_EDGE ( 'NONE', *, *, #1248, .T. ) ;
#988 = EDGE_LOOP ( 'NONE', ( #2210, #2199 ) ) ;
#989 = EDGE_LOOP ( 'NONE', ( #821, #822 ) ) ;
#990 = ORIENTED_EDGE ( 'NONE', *, *, #1286, .T. ) ;
#991 = ORIENTED_EDGE ( 'NONE', *, *, #1285, .T. ) ;
#992 = ORIENTED_EDGE ( 'NONE', *, *, #1284, .T. ) ;
#993 = ORIENTED_EDGE ( 'NONE', *, *, #1252, .F. ) ;
#994 = ORIENTED_EDGE ( 'NONE', *, *, #1247, .T. ) ;
#995 = ORIENTED_EDGE ( 'NONE', *, *, #1305, .F. ) ;
#996 = ORIENTED_EDGE ( 'NONE', *, *, #1284, .F. ) ;
#997 = ORIENTED_EDGE ( 'NONE', *, *, #1283, .T. ) ;
#998 = ORIENTED_EDGE ( 'NONE', *, *, #1286, .F. ) ;
#999 = ORIENTED_EDGE ( 'NONE', *, *, #1256, .T. ) ;
#1000 = ORIENTED_EDGE ( 'NONE', *, *, #2355, .T. ) ;
#1001 = ORIENTED_EDGE ( 'NONE', *, *, #1293, .F. ) ;
#1002 = ORIENTED_EDGE ( 'NONE', *, *, #2411, .T. ) ;
#1003 = ORIENTED_EDGE ( 'NONE', *, *, #1282, .T. ) ;
#1004 = ORIENTED_EDGE ( 'NONE', *, *, #1306, .F. ) ;
#1005 = EDGE_LOOP ( 'NONE', ( #2179, #2181, #2180, #2182 ) ) ;
#1006 = ORIENTED_EDGE ( 'NONE', *, *, #2338, .F. ) ;
#1007 = EDGE_LOOP ( 'NONE', ( #2204, #2203, #2195, #2196 ) ) ;
#1008 = ORIENTED_EDGE ( 'NONE', *, *, #1249, .T. ) ;
#1009 = ORIENTED_EDGE ( 'NONE', *, *, #1281, .T. ) ;
#1010 = EDGE_LOOP ( 'NONE', ( #1175, #1000, #1160, #1168, #1072, #1140 ) ) ;
#1011 = ORIENTED_EDGE ( 'NONE', *, *, #1303, .F. ) ;
#1012 = ORIENTED_EDGE ( 'NONE', *, *, #1290, .T. ) ;
#1013 = ORIENTED_EDGE ( 'NONE', *, *, #2302, .F. ) ;
#1014 = ORIENTED_EDGE ( 'NONE', *, *, #1280, .F. ) ;
#1015 = ORIENTED_EDGE ( 'NONE', *, *, #1279, .F. ) ;
#1016 = EDGE_LOOP ( 'NONE', ( #1040, #1041, #1042, #1043 ) ) ;
#1017 = ORIENTED_EDGE ( 'NONE', *, *, #1278, .F. ) ;
#1018 = ORIENTED_EDGE ( 'NONE', *, *, #1291, .F. ) ;
#1019 = ORIENTED_EDGE ( 'NONE', *, *, #2416, .T. ) ;
#1020 = ORIENTED_EDGE ( 'NONE', *, *, #1277, .T. ) ;
#1021 = ORIENTED_EDGE ( 'NONE', *, *, #2342, .T. ) ;
#1022 = ORIENTED_EDGE ( 'NONE', *, *, #2349, .F. ) ;
#1023 = ORIENTED_EDGE ( 'NONE', *, *, #1280, .T. ) ;
#1024 = ORIENTED_EDGE ( 'NONE', *, *, #2339, .F. ) ;
#1025 = ORIENTED_EDGE ( 'NONE', *, *, #2334, .T. ) ;
#1026 = ORIENTED_EDGE ( 'NONE', *, *, #2347, .F. ) ;
#1027 = ORIENTED_EDGE ( 'NONE', *, *, #2337, .F. ) ;
#1028 = ORIENTED_EDGE ( 'NONE', *, *, #2362, .T. ) ;
#1029 = ORIENTED_EDGE ( 'NONE', *, *, #1285, .F. ) ;
#1030 = ORIENTED_EDGE ( 'NONE', *, *, #1282, .F. ) ;
#1031 = EDGE_LOOP ( 'NONE', ( #1189, #1179, #2176, #2178, #2175, #2177 ) ) ;
#1032 = EDGE_LOOP ( 'NONE', ( #873, #874, #876, #877 ) ) ;
#1033 = ORIENTED_EDGE ( 'NONE', *, *, #1294, .F. ) ;
#1034 = ORIENTED_EDGE ( 'NONE', *, *, #1276, .T. ) ;
#1035 = ORIENTED_EDGE ( 'NONE', *, *, #2361, .T. ) ;
#1036 = ORIENTED_EDGE ( 'NONE', *, *, #1250, .F. ) ;
#1037 = ORIENTED_EDGE ( 'NONE', *, *, #1283, .F. ) ;
#1038 = EDGE_LOOP ( 'NONE', ( #956, #957, #955, #954 ) ) ;
#1039 = ORIENTED_EDGE ( 'NONE', *, *, #2345, .F. ) ;
#1040 = ORIENTED_EDGE ( 'NONE', *, *, #1275, .T. ) ;
#1041 = ORIENTED_EDGE ( 'NONE', *, *, #1251, .F. ) ;
#1042 = ORIENTED_EDGE ( 'NONE', *, *, #1289, .F. ) ;
#1043 = ORIENTED_EDGE ( 'NONE', *, *, #1278, .T. ) ;
#1044 = ORIENTED_EDGE ( 'NONE', *, *, #1275, .F. ) ;
#1045 = ORIENTED_EDGE ( 'NONE', *, *, #1279, .T. ) ;
#1046 = ORIENTED_EDGE ( 'NONE', *, *, #1277, .F. ) ;
#1047 = ORIENTED_EDGE ( 'NONE', *, *, #1244, .F. ) ;
#1048 = ORIENTED_EDGE ( 'NONE', *, *, #1274, .F. ) ;
#1049 = ORIENTED_EDGE ( 'NONE', *, *, #2354, .T. ) ;
#1050 = ORIENTED_EDGE ( 'NONE', *, *, #1296, .F. ) ;
#1051 = EDGE_LOOP ( 'NONE', ( #980, #981, #982, #983 ) ) ;
#1052 = EDGE_LOOP ( 'NONE', ( #869, #870, #871, #872 ) ) ;
#1053 = ORIENTED_EDGE ( 'NONE', *, *, #1274, .T. ) ;
#1054 = ORIENTED_EDGE ( 'NONE', *, *, #1246, .F. ) ;
#1055 = ORIENTED_EDGE ( 'NONE', *, *, #1304, .T. ) ;
#1056 = ORIENTED_EDGE ( 'NONE', *, *, #1276, .F. ) ;
#1057 = EDGE_LOOP ( 'NONE', ( #2187, #2170, #2171, #2169, #824, #2215, #814, #883, #2172 ) ) ;
#1058 = EDGE_LOOP ( 'NONE', ( #861, #862, #863, #864 ) ) ;
#1059 = ORIENTED_EDGE ( 'NONE', *, *, #1295, .T. ) ;
#1060 = EDGE_LOOP ( 'NONE', ( #1018, #1019, #1020, #1023 ) ) ;
#1061 = ORIENTED_EDGE ( 'NONE', *, *, #2340, .F. ) ;
#1062 = EDGE_LOOP ( 'NONE', ( #1044, #1045, #1046, #1047, #1048, #1050 ) ) ;
#1063 = ORIENTED_EDGE ( 'NONE', *, *, #1258, .F. ) ;
#1064 = ORIENTED_EDGE ( 'NONE', *, *, #2353, .T. ) ;
#1065 = ORIENTED_EDGE ( 'NONE', *, *, #1287, .T. ) ;
#1066 = EDGE_LOOP ( 'NONE', ( #1085, #1195, #1123, #1159, #1188, #1198 ) ) ;
#1067 = EDGE_LOOP ( 'NONE', ( #856, #857, #859, #860 ) ) ;
#1068 = ORIENTED_EDGE ( 'NONE', *, *, #2349, .T. ) ;
#1069 = ORIENTED_EDGE ( 'NONE', *, *, #1257, .T. ) ;
#1070 = ORIENTED_EDGE ( 'NONE', *, *, #1281, .F. ) ;
#1071 = ORIENTED_EDGE ( 'NONE', *, *, #2306, .F. ) ;
#1072 = ORIENTED_EDGE ( 'NONE', *, *, #2359, .T. ) ;
#1073 = ORIENTED_EDGE ( 'NONE', *, *, #1273, .T. ) ;
#1074 = EDGE_LOOP ( 'NONE', ( #1063, #1065, #1069, #1070 ) ) ;
#1075 = ORIENTED_EDGE ( 'NONE', *, *, #2305, .T. ) ;
#1076 = ORIENTED_EDGE ( 'NONE', *, *, #2304, .F. ) ;
#1077 = ORIENTED_EDGE ( 'NONE', *, *, #2303, .F. ) ;
#1078 = ORIENTED_EDGE ( 'NONE', *, *, #2302, .T. ) ;
#1079 = ORIENTED_EDGE ( 'NONE', *, *, #2301, .T. ) ;
#1080 = ORIENTED_EDGE ( 'NONE', *, *, #1306, .T. ) ;
#1081 = ORIENTED_EDGE ( 'NONE', *, *, #2283, .T. ) ;
#1082 = ORIENTED_EDGE ( 'NONE', *, *, #2348, .F. ) ;
#1083 = ORIENTED_EDGE ( 'NONE', *, *, #1305, .T. ) ;
#1084 = ORIENTED_EDGE ( 'NONE', *, *, #2341, .T. ) ;
#1085 = ORIENTED_EDGE ( 'NONE', *, *, #1302, .F. ) ;
#1086 = ORIENTED_EDGE ( 'NONE', *, *, #2342, .F. ) ;
#1087 = ORIENTED_EDGE ( 'NONE', *, *, #2352, .T. ) ;
#1088 = ORIENTED_EDGE ( 'NONE', *, *, #1304, .F. ) ;
#1089 = ORIENTED_EDGE ( 'NONE', *, *, #2333, .F. ) ;
#1090 = ORIENTED_EDGE ( 'NONE', *, *, #1303, .T. ) ;
#1091 = ORIENTED_EDGE ( 'NONE', *, *, #1302, .T. ) ;
#1092 = EDGE_LOOP ( 'NONE', ( #812, #813, #815, #816 ) ) ;
#1093 = ORIENTED_EDGE ( 'NONE', *, *, #2305, .F. ) ;
#1094 = ORIENTED_EDGE ( 'NONE', *, *, #2354, .F. ) ;
#1095 = ORIENTED_EDGE ( 'NONE', *, *, #2350, .T. ) ;
#1096 = ORIENTED_EDGE ( 'NONE', *, *, #2332, .F. ) ;
#1097 = ORIENTED_EDGE ( 'NONE', *, *, #1301, .T. ) ;
#1098 = ORIENTED_EDGE ( 'NONE', *, *, #1300, .T. ) ;
#1099 = ORIENTED_EDGE ( 'NONE', *, *, #1299, .T. ) ;
#1100 = ORIENTED_EDGE ( 'NONE', *, *, #1298, .T. ) ;
#1101 = ORIENTED_EDGE ( 'NONE', *, *, #1297, .F. ) ;
#1102 = ORIENTED_EDGE ( 'NONE', *, *, #2282, .F. ) ;
#1103 = EDGE_LOOP ( 'NONE', ( #878, #879, #880, #881 ) ) ;
#1104 = ORIENTED_EDGE ( 'NONE', *, *, #2348, .T. ) ;
#1105 = ORIENTED_EDGE ( 'NONE', *, *, #2344, .F. ) ;
#1106 = ORIENTED_EDGE ( 'NONE', *, *, #1300, .F. ) ;
#1107 = EDGE_LOOP ( 'NONE', ( #887, #888, #889, #890 ) ) ;
#1108 = ORIENTED_EDGE ( 'NONE', *, *, #2281, .F. ) ;
#1109 = EDGE_LOOP ( 'NONE', ( #823, #825, #826, #827, #828, #829 ) ) ;
#1110 = EDGE_LOOP ( 'NONE', ( #1049, #975, #979, #1191 ) ) ;
#1111 = EDGE_LOOP ( 'NONE', ( #807, #808, #810, #811 ) ) ;
#1112 = EDGE_LOOP ( 'NONE', ( #2221, #2222, #2223, #806 ) ) ;
#1113 = EDGE_LOOP ( 'NONE', ( #1095, #1064, #1180, #1086 ) ) ;
#1114 = EDGE_LOOP ( 'NONE', ( #1008, #1009 ) ) ;
#1115 = ORIENTED_EDGE ( 'NONE', *, *, #2283, .F. ) ;
#1116 = EDGE_LOOP ( 'NONE', ( #998, #999, #1001, #1003 ) ) ;
#1117 = EDGE_LOOP ( 'NONE', ( #993, #994, #996, #997 ) ) ;
#1118 = EDGE_LOOP ( 'NONE', ( #1071, #1073, #1075, #1076 ) ) ;
#1119 = ORIENTED_EDGE ( 'NONE', *, *, #2280, .F. ) ;
#1120 = EDGE_LOOP ( 'NONE', ( #2202, #2214, #2217, #2212 ) ) ;
#1121 = EDGE_LOOP ( 'NONE', ( #830, #831, #832, #833 ) ) ;
#1122 = EDGE_LOOP ( 'NONE', ( #2183, #2184, #2185, #2173 ) ) ;
#1123 = ORIENTED_EDGE ( 'NONE', *, *, #2345, .T. ) ;
#1124 = EDGE_LOOP ( 'NONE', ( #976, #1081, #1039, #969 ) ) ;
#1125 = EDGE_LOOP ( 'NONE', ( #1126, #1127, #1139, #1144, #1156, #1157, #1170, #1172 ) ) ;
#1126 = ORIENTED_EDGE ( 'NONE', *, *, #2280, .T. ) ;
#1127 = ORIENTED_EDGE ( 'NONE', *, *, #2331, .T. ) ;
#1128 = EDGE_LOOP ( 'NONE', ( #838, #839, #840, #841, #842 ) ) ;
#1129 = EDGE_LOOP ( 'NONE', ( #984, #986 ) ) ;
#1130 = EDGE_LOOP ( 'NONE', ( #1152, #1024, #1154, #1138 ) ) ;
#1131 = EDGE_LOOP ( 'NONE', ( #2207, #2211, #2219, #2220 ) ) ;
#1132 = EDGE_LOOP ( 'NONE', ( #947, #946, #935, #934, #933, #932, #931, #930 ) ) ;
#1133 = EDGE_LOOP ( 'NONE', ( #865, #866, #867, #868 ) ) ;
#1134 = ORIENTED_EDGE ( 'NONE', *, *, #2301, .F. ) ;
#1135 = ORIENTED_EDGE ( 'NONE', *, *, #2346, .T. ) ;
#1136 = EDGE_LOOP ( 'NONE', ( #850, #851, #853, #855 ) ) ;
#1137 = EDGE_LOOP ( 'NONE', ( #893, #894 ) ) ;
#1138 = ORIENTED_EDGE ( 'NONE', *, *, #2410, .T. ) ;
#1139 = ORIENTED_EDGE ( 'NONE', *, *, #2332, .T. ) ;
#1140 = ORIENTED_EDGE ( 'NONE', *, *, #2360, .F. ) ;
#1141 = EDGE_LOOP ( 'NONE', ( #1201, #1162, #1006, #1104 ) ) ;
#1142 = EDGE_LOOP ( 'NONE', ( #953, #952, #951, #950, #949, #948 ) ) ;
#1143 = EDGE_LOOP ( 'NONE', ( #1061, #1025, #1165, #1055 ) ) ;
#1144 = ORIENTED_EDGE ( 'NONE', *, *, #2330, .T. ) ;
#1145 = EDGE_LOOP ( 'NONE', ( #1158, #1134, #1187, #1135 ) ) ;
#1146 = EDGE_LOOP ( 'NONE', ( #1013, #1022, #1167, #1084, #1004, #1206 ) ) ;
#1147 = EDGE_LOOP ( 'NONE', ( #2197, #2198, #2213, #2218, #2201, #2208 ) ) ;
#1148 = EDGE_LOOP ( 'NONE', ( #970, #1068, #1171, #1176, #1089, #1094, #1203 ) ) ;
#1149 = EDGE_LOOP ( 'NONE', ( #2205, #2216, #2206, #2209 ) ) ;
#1150 = EDGE_LOOP ( 'NONE', ( #875, #848, #809, #2200 ) ) ;
#1151 = EDGE_LOOP ( 'NONE', ( #882, #884, #885, #886 ) ) ;
#1152 = ORIENTED_EDGE ( 'NONE', *, *, #2343, .T. ) ;
#1153 = EDGE_LOOP ( 'NONE', ( #2174, #2186, #2188, #2189, #2194, #2193, #2192, #2191, #2190 ) ) ;
#1154 = ORIENTED_EDGE ( 'NONE', *, *, #1298, .F. ) ;
#1155 = EDGE_LOOP ( 'NONE', ( #1077, #1078, #1079, #1080, #1083, #1088 ) ) ;
#1156 = ORIENTED_EDGE ( 'NONE', *, *, #2333, .T. ) ;
#1157 = ORIENTED_EDGE ( 'NONE', *, *, #2334, .F. ) ;
#1158 = ORIENTED_EDGE ( 'NONE', *, *, #1273, .F. ) ;
#1159 = ORIENTED_EDGE ( 'NONE', *, *, #2281, .T. ) ;
#1160 = ORIENTED_EDGE ( 'NONE', *, *, #2357, .F. ) ;
#1161 = EDGE_LOOP ( 'NONE', ( #817, #818, #819, #820 ) ) ;
#1162 = ORIENTED_EDGE ( 'NONE', *, *, #2282, .T. ) ;
#1163 = EDGE_LOOP ( 'NONE', ( #987, #990, #991, #992 ) ) ;
#1164 = EDGE_LOOP ( 'NONE', ( #938, #943, #921, #968, #971, #977 ) ) ;
#1165 = ORIENTED_EDGE ( 'NONE', *, *, #2351, .T. ) ;
#1166 = ORIENTED_EDGE ( 'NONE', *, *, #2343, .F. ) ;
#1167 = ORIENTED_EDGE ( 'NONE', *, *, #2350, .F. ) ;
#1168 = ORIENTED_EDGE ( 'NONE', *, *, #2358, .T. ) ;
#1169 = EDGE_LOOP ( 'NONE', ( #1090, #1091, #1093, #1097, #1098, #1099 ) ) ;
#1170 = ORIENTED_EDGE ( 'NONE', *, *, #2411, .F. ) ;
#1171 = ORIENTED_EDGE ( 'NONE', *, *, #2303, .T. ) ;
#1172 = ORIENTED_EDGE ( 'NONE', *, *, #2410, .F. ) ;
#1173 = ORIENTED_EDGE ( 'NONE', *, *, #1259, .F. ) ;
#1174 = ORIENTED_EDGE ( 'NONE', *, *, #2479, .F. ) ;
#1175 = ORIENTED_EDGE ( 'NONE', *, *, #2356, .F. ) ;
#1176 = ORIENTED_EDGE ( 'NONE', *, *, #2351, .F. ) ;
#1177 = EDGE_LOOP ( 'NONE', ( #1002, #1185, #995, #1200, #1021, #1199, #1166 ) ) ;
#1178 = EDGE_LOOP ( 'NONE', ( #1100, #1101, #1102, #1106, #1108, #1115, #1119 ) ) ;
#1179 = ORIENTED_EDGE ( 'NONE', *, *, #2481, .T. ) ;
#1180 = ORIENTED_EDGE ( 'NONE', *, *, #2412, .F. ) ;
#1181 = ORIENTED_EDGE ( 'NONE', *, *, #2412, .T. ) ;
#1182 = ORIENTED_EDGE ( 'NONE', *, *, #1272, .T. ) ;
#1183 = EDGE_LOOP ( 'NONE', ( #843, #844, #845, #847, #852 ) ) ;
#1184 = EDGE_LOOP ( 'NONE', ( #1035, #1028, #985, #1174 ) ) ;
#1185 = ORIENTED_EDGE ( 'NONE', *, *, #2340, .T. ) ;
#1186 = ORIENTED_EDGE ( 'NONE', *, *, #2336, .F. ) ;
#1187 = ORIENTED_EDGE ( 'NONE', *, *, #2304, .T. ) ;
#1188 = ORIENTED_EDGE ( 'NONE', *, *, #1301, .F. ) ;
#1189 = ORIENTED_EDGE ( 'NONE', *, *, #2480, .F. ) ;
#1190 = ORIENTED_EDGE ( 'NONE', *, *, #2337, .T. ) ;
#1191 = ORIENTED_EDGE ( 'NONE', *, *, #2336, .T. ) ;
#1192 = EDGE_LOOP ( 'NONE', ( #1053, #1054, #1056, #1059 ) ) ;
#1193 = EDGE_LOOP ( 'NONE', ( #1029, #1030, #1033, #1034, #1036, #1037 ) ) ;
#1194 = EDGE_LOOP ( 'NONE', ( #1096, #1026, #1105, #1011, #1082, #1027, #1087 ) ) ;
#1195 = ORIENTED_EDGE ( 'NONE', *, *, #2344, .T. ) ;
#1196 = EDGE_LOOP ( 'NONE', ( #1173, #1181, #1182, #1186, #1190, #1197, #1202, #1204 ) ) ;
#1197 = ORIENTED_EDGE ( 'NONE', *, *, #2338, .T. ) ;
#1198 = ORIENTED_EDGE ( 'NONE', *, *, #2346, .F. ) ;
#1199 = ORIENTED_EDGE ( 'NONE', *, *, #1259, .T. ) ;
#1200 = ORIENTED_EDGE ( 'NONE', *, *, #2341, .F. ) ;
#1201 = ORIENTED_EDGE ( 'NONE', *, *, #1299, .F. ) ;
#1202 = ORIENTED_EDGE ( 'NONE', *, *, #1297, .T. ) ;
#1203 = ORIENTED_EDGE ( 'NONE', *, *, #1272, .F. ) ;
#1204 = ORIENTED_EDGE ( 'NONE', *, *, #2339, .T. ) ;
#1205 = EDGE_LOOP ( 'NONE', ( #1012, #1014, #1015, #1017 ) ) ;
#1206 = ORIENTED_EDGE ( 'NONE', *, *, #2306, .T. ) ;
#1207 = CYLINDRICAL_SURFACE ( 'NONE', #2477, 0.05100000000000004500 ) ;
#1208 = TOROIDAL_SURFACE ( 'NONE', #1219, 0.1000000000000007000, 0.05100000000000008700 ) ;
#1209 = VECTOR ( 'NONE', #2376, 1000.000000000000000 ) ;
#1210 = VECTOR ( 'NONE', #314, 1000.000000000000000 ) ;
#1211 = CLOSED_SHELL ( 'NONE', ( #2399, #2400, #2401, #2402, #2403, #2404, #2405, #2514, #2515, #2516, #2517, #2518, #2519, #2520, #2521, #2522, #2523, #1270, #1271, #1269, #1264, #1267 ) ) ;
#1212 = VECTOR ( 'NONE', #2383, 1000.000000000000000 ) ;
#1213 = CLOSED_SHELL ( 'NONE', ( #1266, #1265, #1268, #2406, #2407, #2408, #2409, #1261, #1260, #1262, #1263, #2335 ) ) ;
#1214 = TOROIDAL_SURFACE ( 'NONE', #1217, 0.1000000000000007000, 0.05100000000000008700 ) ;
#1215 = VECTOR ( 'NONE', #360, 1000.000000000000000 ) ;
#1216 = AXIS2_PLACEMENT_3D ( 'NONE', #2259, #2257, #2260 ) ;
#1217 = AXIS2_PLACEMENT_3D ( 'NONE', #2366, #2367, #2364 ) ;
#1218 = AXIS2_PLACEMENT_3D ( 'NONE', #2242, #2245, #2253 ) ;
#1219 = AXIS2_PLACEMENT_3D ( 'NONE', #1600, #1597, #1596 ) ;
#1220 = AXIS2_PLACEMENT_3D ( 'NONE', #2243, #2254, #2249 ) ;
#1221 = VECTOR ( 'NONE', #358, 1000.000000000000000 ) ;
#1222 = CIRCLE ( 'NONE', #1238, 0.6499999999999993600 ) ;
#1223 = TOROIDAL_SURFACE ( 'NONE', #1237, 0.1000000000000007000, 0.05100000000000008700 ) ;
#1224 = VECTOR ( 'NONE', #23, 1000.000000000000000 ) ;
#1225 = VECTOR ( 'NONE', #2368, 1000.000000000000000 ) ;
#1226 = VECTOR ( 'NONE', #352, 1000.000000000000000 ) ;
#1227 = AXIS2_PLACEMENT_3D ( 'NONE', #2244, #2241, #2251 ) ;
#1228 = CLOSED_SHELL ( 'NONE', ( #2323, #2324, #2325, #2329, #2328, #2327, #2326, #2388, #2389, #2390, #2391, #2392, #2393, #2394, #2395, #2396, #2397, #2398 ) ) ;
#1229 = VECTOR ( 'NONE', #356, 1000.000000000000000 ) ;
#1230 = VECTOR ( 'NONE', #2372, 1000.000000000000000 ) ;
#1231 = VECTOR ( 'NONE', #2374, 1000.000000000000000 ) ;
#1232 = VECTOR ( 'NONE', #310, 1000.000000000000000 ) ;
#1233 = VECTOR ( 'NONE', #308, 1000.000000000000000 ) ;
#1234 = VECTOR ( 'NONE', #21, 1000.000000000000000 ) ;
#1235 = VECTOR ( 'NONE', #2380, 1000.000000000000000 ) ;
#1236 = CLOSED_SHELL ( 'NONE', ( #2310, #2309, #2307, #2308, #2311, #2312, #2313, #2314, #2315, #2316, #2317, #2318, #2319, #2320, #2321, #2322 ) ) ;
#1237 = AXIS2_PLACEMENT_3D ( 'NONE', #2255, #1603, #1601 ) ;
#1238 = AXIS2_PLACEMENT_3D ( 'NONE', #348, #347, #346 ) ;
#1239 = ADVANCED_BREP_SHAPE_REPRESENTATION ( 'AF2-1206', ( #2288, #2290, #2289, #2291, #2064 ), #2053 ) ;
#1240 = PERSON ( '未指定', '未指定', '未指定', ('未指定'), ('未指定'), ('未指定') ) ;
#1241 = UNCERTAINTY_MEASURE_WITH_UNIT (LENGTH_MEASURE( 1.000000000000000100E-005 ), #754, 'distance_accuracy_value', 'NONE');
#1242 = DESIGN_CONTEXT ( 'detailed design', #2261, 'design' ) ;
#1243 = PRODUCT_DEFINITION_SHAPE ( 'NONE', 'NONE',  #2285 ) ;
#1244 = EDGE_CURVE ( 'NONE', #2111, #2105, #361, .T. ) ;
#1245 = EDGE_CURVE ( 'NONE', #2120, #2117, #364, .T. ) ;
#1246 = EDGE_CURVE ( 'NONE', #2118, #2111, #367, .T. ) ;
#1247 = EDGE_CURVE ( 'NONE', #2106, #2127, #355, .T. ) ;
#1248 = EDGE_CURVE ( 'NONE', #2127, #2113, #1222, .T. ) ;
#1249 = EDGE_CURVE ( 'NONE', #2108, #2126, #2224, .T. ) ;
#1250 = EDGE_CURVE ( 'NONE', #2119, #2118, #354, .T. ) ;
#1251 = EDGE_CURVE ( 'NONE', #2123, #2114, #313, .T. ) ;
#1252 = EDGE_CURVE ( 'NONE', #2106, #2119, #349, .T. ) ;
#1253 = EDGE_CURVE ( 'NONE', #2122, #2121, #2225, .T. ) ;
#1254 = EDGE_CURVE ( 'NONE', #2112, #2117, #305, .T. ) ;
#1255 = EDGE_CURVE ( 'NONE', #2120, #2106, #2382, .T. ) ;
#1256 = EDGE_CURVE ( 'NONE', #2113, #2112, #2379, .T. ) ;
#1257 = EDGE_CURVE ( 'NONE', #2122, #2108, #307, .T. ) ;
#1258 = EDGE_CURVE ( 'NONE', #2121, #2126, #2384, .T. ) ;
#1259 = EDGE_CURVE ( 'NONE', #2161, #2147, #2371, .T. ) ;
#1260 = ADVANCED_FACE ( 'NONE', ( #2370 ), #1214, .T. ) ;
#1261 = ADVANCED_FACE ( 'NONE', ( #2378 ), #2256, .T. ) ;
#1262 = ADVANCED_FACE ( 'NONE', ( #2248 ), #2252, .T. ) ;
#1263 = ADVANCED_FACE ( 'NONE', ( #2258 ), #2240, .F. ) ;
#1264 = ADVANCED_FACE ( 'NONE', ( #2250 ), #2246, .T. ) ;
#1265 = ADVANCED_FACE ( 'NONE', ( #2247 ), #1223, .T. ) ;
#1266 = ADVANCED_FACE ( 'NONE', ( #1602 ), #1208, .T. ) ;
#1267 = ADVANCED_FACE ( 'NONE', ( #1598 ), #1595, .F. ) ;
#1268 = ADVANCED_FACE ( 'NONE', ( #1893 ), #1207, .T. ) ;
#1269 = ADVANCED_FACE ( 'NONE', ( #2365 ), #1, .F. ) ;
#1270 = ADVANCED_FACE ( 'NONE', ( #7 ), #9, .F. ) ;
#1271 = ADVANCED_FACE ( 'NONE', ( #11 ), #12, .F. ) ;
#1272 = EDGE_CURVE ( 'NONE', #2144, #2143, #19, .T. ) ;
#1273 = EDGE_CURVE ( 'NONE', #2130, #2137, #16, .T. ) ;
#1274 = EDGE_CURVE ( 'NONE', #2102, #2111, #17, .T. ) ;
#1275 = EDGE_CURVE ( 'NONE', #2115, #2114, #18, .T. ) ;
#1276 = EDGE_CURVE ( 'NONE', #2116, #2118, #22, .T. ) ;
#1277 = EDGE_CURVE ( 'NONE', #2105, #2129, #25, .T. ) ;
#1278 = EDGE_CURVE ( 'NONE', #2124, #2115, #28, .T. ) ;
#1279 = EDGE_CURVE ( 'NONE', #2115, #2129, #2469, .T. ) ;
#1280 = EDGE_CURVE ( 'NONE', #2129, #2103, #39, .T. ) ;
#1281 = EDGE_CURVE ( 'NONE', #2126, #2108, #2226, .T. ) ;
#1282 = EDGE_CURVE ( 'NONE', #2104, #2100, #75, .T. ) ;
#1283 = EDGE_CURVE ( 'NONE', #2097, #2119, #78, .T. ) ;
#1284 = EDGE_CURVE ( 'NONE', #2097, #2127, #81, .T. ) ;
#1285 = EDGE_CURVE ( 'NONE', #2100, #2097, #2461, .T. ) ;
#1286 = EDGE_CURVE ( 'NONE', #2113, #2100, #45, .T. ) ;
#1287 = EDGE_CURVE ( 'NONE', #2121, #2122, #2227, .T. ) ;
#1288 = EDGE_CURVE ( 'NONE', #2125, #2107, #120, .T. ) ;
#1289 = EDGE_CURVE ( 'NONE', #2124, #2123, #90, .T. ) ;
#1290 = EDGE_CURVE ( 'NONE', #2124, #2103, #2458, .T. ) ;
#1291 = EDGE_CURVE ( 'NONE', #2128, #2103, #127, .T. ) ;
#1292 = EDGE_CURVE ( 'NONE', #2117, #2107, #132, .T. ) ;
#1293 = EDGE_CURVE ( 'NONE', #2104, #2112, #135, .T. ) ;
#1294 = EDGE_CURVE ( 'NONE', #2116, #2104, #138, .T. ) ;
#1295 = EDGE_CURVE ( 'NONE', #2116, #2102, #141, .T. ) ;
#1296 = EDGE_CURVE ( 'NONE', #2114, #2102, #144, .T. ) ;
#1297 = EDGE_CURVE ( 'NONE', #2110, #2164, #147, .T. ) ;
#1298 = EDGE_CURVE ( 'NONE', #2101, #2164, #150, .T. ) ;
#1299 = EDGE_CURVE ( 'NONE', #2132, #2167, #126, .T. ) ;
#1300 = EDGE_CURVE ( 'NONE', #2099, #2132, #2446, .T. ) ;
#1301 = EDGE_CURVE ( 'NONE', #2137, #2099, #155, .T. ) ;
#1302 = EDGE_CURVE ( 'NONE', #2166, #2139, #163, .T. ) ;
#1303 = EDGE_CURVE ( 'NONE', #2167, #2166, #2440, .T. ) ;
#1304 = EDGE_CURVE ( 'NONE', #2138, #2131, #157, .T. ) ;
#1305 = EDGE_CURVE ( 'NONE', #2168, #2131, #2444, .T. ) ;
#1306 = EDGE_CURVE ( 'NONE', #2130, #2168, #173, .T. ) ;
#1307 = CARTESIAN_POINT ( 'NONE',  ( -1.100000000000000500, 0.0000000000000000000, 0.6400000000000001200 ) ) ;
#1308 = DIRECTION ( 'NONE',  ( 1.224646799147353200E-016, 0.0000000000000000000, -1.000000000000000000 ) ) ;
#1309 = DIRECTION ( 'NONE',  ( -1.000000000000000000, 0.0000000000000000000, 0.0000000000000000000 ) ) ;
#1310 = CARTESIAN_POINT ( 'NONE',  ( -1.100000000000000300, 0.0000000000000000000, 0.9400000000000001700 ) ) ;
#1311 = DIRECTION ( 'NONE',  ( 1.224646799147353200E-016, 0.0000000000000000000, -1.000000000000000000 ) ) ;
#1312 = DIRECTION ( 'NONE',  ( -1.000000000000000000, 0.0000000000000000000, 0.0000000000000000000 ) ) ;
#1313 = CARTESIAN_POINT ( 'NONE',  ( -1.000000000000000000, 0.0000000000000000000, 0.5399999999999995900 ) ) ;
#1314 = DIRECTION ( 'NONE',  ( 1.000000000000000000, 0.0000000000000000000, 6.123233995736766000E-017 ) ) ;
#1315 = DIRECTION ( 'NONE',  ( 0.0000000000000000000, 0.0000000000000000000, -1.000000000000000000 ) ) ;
#1316 = CARTESIAN_POINT ( 'NONE',  ( 1.000000000000000000, 0.0000000000000000000, 0.5399999999999992600 ) ) ;
#1317 = DIRECTION ( 'NONE',  ( 1.000000000000000000, 0.0000000000000000000, 6.123233995736766000E-017 ) ) ;
#1318 = DIRECTION ( 'NONE',  ( 0.0000000000000000000, 0.0000000000000000000, -1.000000000000000000 ) ) ;
#1319 = LINE ( 'NONE', #1320, #1914 ) ;
#1320 = CARTESIAN_POINT ( 'NONE',  ( -1.600000000000000100, 0.8000000000000001600, 1.000000000000000000 ) ) ;
#1321 = CARTESIAN_POINT ( 'NONE',  ( 1.100000000000000800, 0.0000000000000000000, 0.6400000000000000100 ) ) ;
#1322 = DIRECTION ( 'NONE',  ( 0.0000000000000000000, 0.0000000000000000000, 1.000000000000000000 ) ) ;
#1323 = DIRECTION ( 'NONE',  ( 1.000000000000000000, 0.0000000000000000000, 0.0000000000000000000 ) ) ;
#1324 = CARTESIAN_POINT ( 'NONE',  ( 1.100000000000000800, 0.0000000000000000000, 0.9400000000000000600 ) ) ;
#1325 = DIRECTION ( 'NONE',  ( 0.0000000000000000000, 0.0000000000000000000, 1.000000000000000000 ) ) ;
#1326 = DIRECTION ( 'NONE',  ( 1.000000000000000000, 0.0000000000000000000, 0.0000000000000000000 ) ) ;
#1327 = CARTESIAN_POINT ( 'NONE',  ( -1.550000000000000000, -2.699619867232983900E-016, 1.000000000000000000 ) ) ;
#1328 = DIRECTION ( 'NONE',  ( -1.000000000000000000, 0.0000000000000000000, 0.0000000000000000000 ) ) ;
#1329 = CARTESIAN_POINT ( 'NONE',  ( -1.000000000000000000, 0.005696665046015838800, 0.4889999999999999300 ) ) ;
#1330 = LINE ( 'NONE', #1337, #1931 ) ;
#1331 = LINE ( 'NONE', #1327, #2062 ) ;
#1332 = CARTESIAN_POINT ( 'NONE',  ( -1.599999999999999900, -2.412831099714667200E-017, 1.000000000000000000 ) ) ;
#1333 = DIRECTION ( 'NONE',  ( -0.0000000000000000000, -0.0000000000000000000, -1.000000000000000000 ) ) ;
#1334 = DIRECTION ( 'NONE',  ( 1.000000000000000000, -8.881784197001252300E-016, 0.0000000000000000000 ) ) ;
#1335 = CARTESIAN_POINT ( 'NONE',  ( -0.9999999999999824600, -4.616758075697451700E-014, 0.4889999999997927700 ) ) ;
#1336 = DIRECTION ( 'NONE',  ( 1.741690236924505800E-016, -1.000000000000000000, 0.0000000000000000000 ) ) ;
#1337 = CARTESIAN_POINT ( 'NONE',  ( -1.550000000000000000, -2.699619867232983900E-016, 1.000000000000000000 ) ) ;
#1338 = DIRECTION ( 'NONE',  ( 1.741690236924505800E-016, -1.000000000000000000, 0.0000000000000000000 ) ) ;
#1339 = CARTESIAN_POINT ( 'NONE',  ( -5.000000000000000000, 1.084202172485504400E-016, 0.4889999999999999300 ) ) ;
#1340 = CARTESIAN_POINT ( 'NONE',  ( -1.000085580929947100, 0.01147184267432301000, 0.4899817430967999300 ) ) ;
#1341 = CARTESIAN_POINT ( 'NONE',  ( -1.000236559960188100, 0.01684683921721353800, 0.4918628624823892500 ) ) ;
#1342 = CARTESIAN_POINT ( 'NONE',  ( -1.000387525884511900, 0.02222136917703913500, 0.4937438185751389400 ) ) ;
#1343 = CARTESIAN_POINT ( 'NONE',  ( -1.000606832686853600, 0.02734390377158659600, 0.4965753350569837600 ) ) ;
#1344 = CARTESIAN_POINT ( 'NONE',  ( -1.000842968112454400, 0.03179388525654434900, 0.5001233293730067400 ) ) ;
#1345 = CARTESIAN_POINT ( 'NONE',  ( -1.001079636256269500, 0.03625390583743098900, 0.5036793279145335100 ) ) ;
#1346 = CARTESIAN_POINT ( 'NONE',  ( -1.001337898748718900, 0.04016137585111256200, 0.5080530301349425200 ) ) ;
#1347 = CARTESIAN_POINT ( 'NONE',  ( -1.001556821580715800, 0.04319446959304636100, 0.5128847313018032300 ) ) ;
#1348 = CARTESIAN_POINT ( 'NONE',  ( -1.001776073193563900, 0.04623211847038070900, 0.5177236887735798800 ) ) ;
#1349 = CARTESIAN_POINT ( 'NONE',  ( -1.001960168496453900, 0.04847645171007622400, 0.5231562034829319000 ) ) ;
#1350 = CARTESIAN_POINT ( 'NONE',  ( -1.002065239318477200, 0.04973954129995315800, 0.5287315470773369400 ) ) ;
#1351 = CARTESIAN_POINT ( 'NONE',  ( -1.002170052305096700, 0.05099953136887469500, 0.5342932092239310900 ) ) ;
#1352 = CARTESIAN_POINT ( 'NONE',  ( -1.002198259179149600, 0.05131768565596742100, 0.5401508188392446500 ) ) ;
#1353 = CARTESIAN_POINT ( 'NONE',  ( -1.002143130585223500, 0.05066718556978058000, 0.5458168983519947600 ) ) ;
#1354 = CARTESIAN_POINT ( 'NONE',  ( -1.002088144534081700, 0.05001836744366228200, 0.5514683274139792200 ) ) ;
#1355 = CARTESIAN_POINT ( 'NONE',  ( -1.001949227431979000, 0.04838839345803026100, 0.5570847864576673500 ) ) ;
#1356 = CARTESIAN_POINT ( 'NONE',  ( -1.001759256076181700, 0.04591309518510185200, 0.5622033261139811600 ) ) ;
#1357 = CARTESIAN_POINT ( 'NONE',  ( -1.001569032690858800, 0.04343451300525874600, 0.5673286563894111000 ) ) ;
#1358 = CARTESIAN_POINT ( 'NONE',  ( -1.001323916104358800, 0.04004056504233852200, 0.5720958408661038800 ) ) ;
#1359 = CARTESIAN_POINT ( 'NONE',  ( -1.001081603952764600, 0.03601048286550249200, 0.5761143340488699100 ) ) ;
#1360 = CARTESIAN_POINT ( 'NONE',  ( -1.000838524467796900, 0.03196763856950884900, 0.5801455526517594900 ) ) ;
#1361 = CARTESIAN_POINT ( 'NONE',  ( -1.000593453747867800, 0.02717287463896993200, 0.5835345091795485200 ) ) ;
#1362 = CARTESIAN_POINT ( 'NONE',  ( -1.000404256991572300, 0.02202146603137888600, 0.5860005981899022400 ) ) ;
#1363 = CARTESIAN_POINT ( 'NONE',  ( -1.000215045604619700, 0.01686965906340793700, 0.5884668779038538800 ) ) ;
#1364 = CARTESIAN_POINT ( 'NONE',  ( -1.000077985039305300, 0.01121830735313145500, 0.5900780019838657300 ) ) ;
#1365 = CARTESIAN_POINT ( 'NONE',  ( -1.000025553691217000, 0.005537488281651346500, 0.5906984834440891500 ) ) ;
#1366 = CARTESIAN_POINT ( 'NONE',  ( -1.000008593700757500, 0.003699911321153815100, 0.5908991908458521800 ) ) ;
#1367 = CARTESIAN_POINT ( 'NONE',  ( -1.000000000000000200, 0.001848583292249235200, 0.5909999999999977500 ) ) ;
#1368 = CARTESIAN_POINT ( 'NONE',  ( -0.9999999999999688000, 4.081510198924277200E-014, 0.5910000000003691200 ) ) ;
#1369 = LINE ( 'NONE', #1370, #1901 ) ;
#1370 = CARTESIAN_POINT ( 'NONE',  ( -1.000000000000000000, -2.412831099714667200E-017, 0.0000000000000000000 ) ) ;
#1371 = DIRECTION ( 'NONE',  ( -0.0000000000000000000, -0.0000000000000000000, 1.000000000000000000 ) ) ;
#1372 = CARTESIAN_POINT ( 'NONE',  ( -0.9499999999999997300, -0.003876699159950420500, 0.5910000000000046300 ) ) ;
#1373 = LINE ( 'NONE', #1339, #1976 ) ;
#1374 = CARTESIAN_POINT ( 'NONE',  ( -1.599999999999999900, -2.412831099714667200E-017, 0.0000000000000000000 ) ) ;
#1375 = DIRECTION ( 'NONE',  ( -0.0000000000000000000, 0.0000000000000000000, 1.000000000000000000 ) ) ;
#1376 = DIRECTION ( 'NONE',  ( 1.000000000000000000, 0.0000000000000000000, 0.0000000000000000000 ) ) ;
#1377 = CARTESIAN_POINT ( 'NONE',  ( -0.9499999999999725300, 3.852090420431655000E-014, 0.5910000000003504700 ) ) ;
#1378 = DIRECTION ( 'NONE',  ( 1.000000000000000000, -0.0000000000000000000, -0.0000000000000000000 ) ) ;
#1379 = CARTESIAN_POINT ( 'NONE',  ( -0.9999999999999688000, 4.081510198924277200E-014, 0.5910000000003691200 ) ) ;
#1380 = CARTESIAN_POINT ( 'NONE',  ( -0.9999999999999995600, -0.003866299039744296500, 0.5910000000000048500 ) ) ;
#1381 = CARTESIAN_POINT ( 'NONE',  ( -0.9500355754355843700, -0.007778464455847140100, 0.5905521491364187400 ) ) ;
#1382 = CARTESIAN_POINT ( 'NONE',  ( -0.9501026930609483000, -0.01155380601222025800, 0.5896740331222660700 ) ) ;
#1383 = CARTESIAN_POINT ( 'NONE',  ( -0.9502012329732353300, -0.01709663956452263400, 0.5883848117807313200 ) ) ;
#1384 = CARTESIAN_POINT ( 'NONE',  ( -0.9503714729602298400, -0.02249228711861146800, 0.5861242998885071200 ) ) ;
#1385 = CARTESIAN_POINT ( 'NONE',  ( -0.9505734272603406600, -0.02729700752133224300, 0.5830798488899431300 ) ) ;
#1386 = CARTESIAN_POINT ( 'NONE',  ( -0.9507758064124383100, -0.03211183563163090600, 0.5800289932688728100 ) ) ;
#1387 = CARTESIAN_POINT ( 'NONE',  ( -0.9510140340115328400, -0.03646592171006802400, 0.5761070669026628900 ) ) ;
#1388 = CARTESIAN_POINT ( 'NONE',  ( -0.9512320262025918400, -0.04000145215870920500, 0.5716367480186332900 ) ) ;
#1389 = CARTESIAN_POINT ( 'NONE',  ( -0.9514504929245228800, -0.04354467883875679700, 0.5671566980322723100 ) ) ;
#1390 = CARTESIAN_POINT ( 'NONE',  ( -0.9516529438160571400, -0.04636348540199100600, 0.5620018433035818300 ) ) ;
#1391 = CARTESIAN_POINT ( 'NONE',  ( -0.9517913039226012500, -0.04822329654470351700, 0.5565986044703036300 ) ) ;
#1392 = CARTESIAN_POINT ( 'NONE',  ( -0.9519295056793922700, -0.05008097917911360400, 0.5512015495115342200 ) ) ;
#1393 = CARTESIAN_POINT ( 'NONE',  ( -0.9520064494950347700, -0.05103292716455607600, 0.5454072751599321500 ) ) ;
#1394 = CARTESIAN_POINT ( 'NONE',  ( -0.9520037876087099600, -0.05099910515432643000, 0.5396978850252740500 ) ) ;
#1395 = CARTESIAN_POINT ( 'NONE',  ( -0.9520011328886210900, -0.05096537419851104200, 0.5340038655078850300 ) ) ;
#1396 = CARTESIAN_POINT ( 'NONE',  ( -0.9519192714398970700, -0.04995040143587996900, 0.5282373329873494300 ) ) ;
#1397 = CARTESIAN_POINT ( 'NONE',  ( -0.9517776231668037000, -0.04803904841606822200, 0.5228754612535504400 ) ) ;
#1398 = CARTESIAN_POINT ( 'NONE',  ( -0.9516359792996681400, -0.04612775484873544300, 0.5175137563003320300 ) ) ;
#1399 = CARTESIAN_POINT ( 'NONE',  ( -0.9514318135748556200, -0.04326795608381073200, 0.5124091103426996500 ) ) ;
#1400 = CARTESIAN_POINT ( 'NONE',  ( -0.9512132493072056300, -0.03969574442538750100, 0.5079805078973086400 ) ) ;
#1401 = CARTESIAN_POINT ( 'NONE',  ( -0.9509940997784134300, -0.03611396726617046400, 0.5035400467480507500 ) ) ;
#1402 = CARTESIAN_POINT ( 'NONE',  ( -0.9507561495590639600, -0.03171722768529201800, 0.4996568213446862000 ) ) ;
#1403 = CARTESIAN_POINT ( 'NONE',  ( -0.9505555173156169400, -0.02686752520821170100, 0.4966509966759775100 ) ) ;
#1404 = CARTESIAN_POINT ( 'NONE',  ( -0.9503546417521312500, -0.02201194117503829000, 0.4936415266441813700 ) ) ;
#1405 = CARTESIAN_POINT ( 'NONE',  ( -0.9501872058744979000, -0.01656775924740871300, 0.4914286667980403100 ) ) ;
#1406 = CARTESIAN_POINT ( 'NONE',  ( -0.9500928572040763200, -0.01098661653279533300, 0.4901974472826812200 ) ) ;
#1407 = CARTESIAN_POINT ( 'NONE',  ( -0.9500320496859069300, -0.007389581879223873500, 0.4894039289138883400 ) ) ;
#1408 = CARTESIAN_POINT ( 'NONE',  ( -0.9500000000000000700, -0.003684023242987307600, 0.4889999999999999300 ) ) ;
#1409 = CARTESIAN_POINT ( 'NONE',  ( -0.9499999999999850800, -4.240894032178348900E-014, 0.4889999999998083700 ) ) ;
#1410 = FACE_OUTER_BOUND ( 'NONE', #1132, .T. ) ;
#1411 = CARTESIAN_POINT ( 'NONE',  ( 0.0000000000000000000, 0.0000000000000000000, 1.000000000000000000 ) ) ;
#1412 = CARTESIAN_POINT ( 'NONE',  ( -1.000038328844443200, -0.007757484151073064000, 0.5905545692865222800 ) ) ;
#1413 = CARTESIAN_POINT ( 'NONE',  ( -1.000110662552346600, -0.01152314265359469600, 0.5896811552138727700 ) ) ;
#1414 = CARTESIAN_POINT ( 'NONE',  ( -1.000217092855502300, -0.01706385372207129900, 0.5883960320364918200 ) ) ;
#1415 = CARTESIAN_POINT ( 'NONE',  ( -1.000401157220576700, -0.02245787916759566000, 0.5861406356933573900 ) ) ;
#1416 = CARTESIAN_POINT ( 'NONE',  ( -1.000619673218540400, -0.02726213247988547300, 0.5831019272498246800 ) ) ;
#1417 = CARTESIAN_POINT ( 'NONE',  ( -1.000838727092301600, -0.03207821143242115700, 0.5800557390439794500 ) ) ;
#1418 = CARTESIAN_POINT ( 'NONE',  ( -1.001096736099369000, -0.03643429689279145000, 0.5761387333662763000 ) ) ;
#1419 = CARTESIAN_POINT ( 'NONE',  ( -1.001333007704132500, -0.03997289500923925700, 0.5716728221758077300 ) ) ;
#1420 = CARTESIAN_POINT ( 'NONE',  ( -1.001569884393839600, -0.04352055537607633900, 0.5671954739122123700 ) ) ;
#1421 = CARTESIAN_POINT ( 'NONE',  ( -1.001789585176363900, -0.04634435826267142200, 0.5620423799549583200 ) ) ;
#1422 = CARTESIAN_POINT ( 'NONE',  ( -1.001939902375920600, -0.04820912392770034000, 0.5566397226576536000 ) ) ;
#1423 = CARTESIAN_POINT ( 'NONE',  ( -1.002090019331237600, -0.05007140545529309400, 0.5512442624808764300 ) ) ;
#1424 = CARTESIAN_POINT ( 'NONE',  ( -1.002173849179234200, -0.05102836704686033300, 0.5454504466337255500 ) ) ;
#1425 = CARTESIAN_POINT ( 'NONE',  ( -1.002171373036855600, -0.05099934100908967700, 0.5397407382816882300 ) ) ;
#1426 = CARTESIAN_POINT ( 'NONE',  ( -1.002168904728048600, -0.05097040679865105100, 0.5340490932729435900 ) ) ;
#1427 = CARTESIAN_POINT ( 'NONE',  ( -1.002080656306794800, -0.04996109951791787000, 0.5282841659607260300 ) ) ;
#1428 = CARTESIAN_POINT ( 'NONE',  ( -1.001927574918177300, -0.04805595027410609900, 0.5229229498082180700 ) ) ;
#1429 = CARTESIAN_POINT ( 'NONE',  ( -1.001774500880665600, -0.04615089251727124600, 0.5175619911061225500 ) ) ;
#1430 = CARTESIAN_POINT ( 'NONE',  ( -1.001553649480844100, -0.04329816216316678700, 0.5124572018846362800 ) ) ;
#1431 = CARTESIAN_POINT ( 'NONE',  ( -1.001317048145590600, -0.03973314937040385600, 0.5080269356941006200 ) ) ;
#1432 = CARTESIAN_POINT ( 'NONE',  ( -1.001079703523345600, -0.03615693703123715900, 0.5035827517493614000 ) ) ;
#1433 = CARTESIAN_POINT ( 'NONE',  ( -1.000821823401707000, -0.03176539792862128500, 0.4996948076352908400 ) ) ;
#1434 = CARTESIAN_POINT ( 'NONE',  ( -1.000604197623525100, -0.02691973427546652200, 0.4966833991807035300 ) ) ;
#1435 = CARTESIAN_POINT ( 'NONE',  ( -1.000386259439144600, -0.02206711457430299600, 0.4936676677884788700 ) ) ;
#1436 = CARTESIAN_POINT ( 'NONE',  ( -1.000204381873059900, -0.01662450596835502200, 0.4914479115111674600 ) ) ;
#1437 = CARTESIAN_POINT ( 'NONE',  ( -1.000101641778238200, -0.01104354122709902900, 0.4902100391929721200 ) ) ;
#1438 = CARTESIAN_POINT ( 'NONE',  ( -1.000035094715814500, -0.007428625262057885300, 0.4894082415445033500 ) ) ;
#1439 = CARTESIAN_POINT ( 'NONE',  ( -1.000000000000000000, -0.003703366767539494200, 0.4889999999999999300 ) ) ;
#1440 = CARTESIAN_POINT ( 'NONE',  ( -0.9999999999999824600, -4.616758075697451700E-014, 0.4889999999997927700 ) ) ;
#1441 = CARTESIAN_POINT ( 'NONE',  ( -1.599999999999999900, -0.7999999999999999300, 1.080000000000000100 ) ) ;
#1442 = PLANE ( 'NONE',  #2041 ) ;
#1443 = CARTESIAN_POINT ( 'NONE',  ( -1.600000000000000100, 0.8000000000000001600, 1.080000000000000100 ) ) ;
#1444 = DIRECTION ( 'NONE',  ( 0.0000000000000000000, 1.000000000000000000, 0.0000000000000000000 ) ) ;
#1445 = DIRECTION ( 'NONE',  ( 0.0000000000000000000, -0.0000000000000000000, 1.000000000000000000 ) ) ;
#1446 = FACE_OUTER_BOUND ( 'NONE', #973, .T. ) ;
#1447 = PLANE ( 'NONE',  #1904 ) ;
#1448 = DIRECTION ( 'NONE',  ( 1.000000000000000000, -0.0000000000000000000, -0.0000000000000000000 ) ) ;
#1449 = DIRECTION ( 'NONE',  ( 0.0000000000000000000, -1.000000000000000000, 0.0000000000000000000 ) ) ;
#1450 = DIRECTION ( 'NONE',  ( 0.0000000000000000000, -0.0000000000000000000, -1.000000000000000000 ) ) ;
#1451 = FACE_OUTER_BOUND ( 'NONE', #1142, .T. ) ;
#1452 = PLANE ( 'NONE',  #2011 ) ;
#1453 = CARTESIAN_POINT ( 'NONE',  ( 1.599999999999999000, -0.7999999999999999300, 1.080000000000000100 ) ) ;
#1454 = DIRECTION ( 'NONE',  ( 0.0000000000000000000, 0.0000000000000000000, 1.000000000000000000 ) ) ;
#1455 = DIRECTION ( 'NONE',  ( 1.000000000000000000, 0.0000000000000000000, -0.0000000000000000000 ) ) ;
#1456 = FACE_OUTER_BOUND ( 'NONE', #1038, .T. ) ;
#1457 = CARTESIAN_POINT ( 'NONE',  ( -5.000000000000000000, 1.084202172485504400E-016, 0.5400000000000000400 ) ) ;
#1458 = CYLINDRICAL_SURFACE ( 'NONE', #1912, 0.05100000000000004500 ) ;
#1459 = DIRECTION ( 'NONE',  ( 0.0000000000000000000, 0.0000000000000000000, -1.000000000000000000 ) ) ;
#1460 = FACE_OUTER_BOUND ( 'NONE', #1164, .T. ) ;
#1461 = PLANE ( 'NONE',  #1979 ) ;
#1462 = CARTESIAN_POINT ( 'NONE',  ( 0.7500000000000001100, -0.8000000000000002700, 1.000000000000000000 ) ) ;
#1463 = DIRECTION ( 'NONE',  ( -0.0000000000000000000, -0.0000000000000000000, 1.000000000000000000 ) ) ;
#1464 = DIRECTION ( 'NONE',  ( -0.0000000000000000000, 0.0000000000000000000, 1.000000000000000000 ) ) ;
#1465 = DIRECTION ( 'NONE',  ( 1.000000000000000000, 0.0000000000000000000, 0.0000000000000000000 ) ) ;
#1466 = FACE_OUTER_BOUND ( 'NONE', #1051, .T. ) ;
#1467 = PLANE ( 'NONE',  #1935 ) ;
#1468 = FACE_OUTER_BOUND ( 'NONE', #1163, .T. ) ;
#1469 = DIRECTION ( 'NONE',  ( 1.000000000000000000, -0.0000000000000000000, 0.0000000000000000000 ) ) ;
#1470 = DIRECTION ( 'NONE',  ( 0.0000000000000000000, 0.0000000000000000000, -1.000000000000000000 ) ) ;
#1471 = CYLINDRICAL_SURFACE ( 'NONE', #1937, 0.6499999999999993600 ) ;
#1472 = FACE_BOUND ( 'NONE', #1129, .T. ) ;
#1473 = CARTESIAN_POINT ( 'NONE',  ( 1.600000000000000100, -1.444555015056670400E-016, 0.0000000000000000000 ) ) ;
#1474 = CARTESIAN_POINT ( 'NONE',  ( 1.550000000000000300, 0.0000000000000000000, 0.0000000000000000000 ) ) ;
#1475 = DIRECTION ( 'NONE',  ( 1.000000000000000000, 0.0000000000000000000, 0.0000000000000000000 ) ) ;
#1476 = FACE_OUTER_BOUND ( 'NONE', #1117, .T. ) ;
#1477 = PLANE ( 'NONE',  #2080 ) ;
#1478 = CARTESIAN_POINT ( 'NONE',  ( 1.550000000000000300, 0.0000000000000000000, 0.0000000000000000000 ) ) ;
#1479 = DIRECTION ( 'NONE',  ( -0.0000000000000000000, -0.0000000000000000000, 1.000000000000000000 ) ) ;
#1480 = DIRECTION ( 'NONE',  ( 1.000000000000000000, 1.741690236924505800E-016, 0.0000000000000000000 ) ) ;
#1481 = DIRECTION ( 'NONE',  ( -1.741690236924505800E-016, 1.000000000000000000, 0.0000000000000000000 ) ) ;
#1482 = FACE_OUTER_BOUND ( 'NONE', #1116, .T. ) ;
#1483 = PLANE ( 'NONE',  #2010 ) ;
#1484 = FACE_OUTER_BOUND ( 'NONE', #1205, .T. ) ;
#1485 = DIRECTION ( 'NONE',  ( 1.000000000000000000, 1.741690236924505800E-016, 0.0000000000000000000 ) ) ;
#1486 = DIRECTION ( 'NONE',  ( -1.741690236924505800E-016, 1.000000000000000000, 0.0000000000000000000 ) ) ;
#1487 = CYLINDRICAL_SURFACE ( 'NONE', #1927, 0.5999999999999996400 ) ;
#1488 = FACE_BOUND ( 'NONE', #1114, .T. ) ;
#1489 = CARTESIAN_POINT ( 'NONE',  ( 1.600000000000000100, -1.444555015056670400E-016, 0.0000000000000000000 ) ) ;
#1490 = CARTESIAN_POINT ( 'NONE',  ( 1.600000000000000100, 0.8000000000000001600, 1.080000000000000100 ) ) ;
#1491 = DIRECTION ( 'NONE',  ( 1.000000000000000000, 0.0000000000000000000, 0.0000000000000000000 ) ) ;
#1492 = FACE_OUTER_BOUND ( 'NONE', #1060, .T. ) ;
#1493 = PLANE ( 'NONE',  #2001 ) ;
#1494 = CARTESIAN_POINT ( 'NONE',  ( 0.0000000000000000000, 0.0000000000000000000, 0.08000000000000000200 ) ) ;
#1495 = CARTESIAN_POINT ( 'NONE',  ( 1.600000000000000100, 0.8000000000000001600, 1.080000000000000100 ) ) ;
#1496 = DIRECTION ( 'NONE',  ( -1.000000000000000000, 0.0000000000000000000, 0.0000000000000000000 ) ) ;
#1497 = DIRECTION ( 'NONE',  ( 0.0000000000000000000, 0.0000000000000000000, 1.000000000000000000 ) ) ;
#1498 = FACE_OUTER_BOUND ( 'NONE', #1193, .T. ) ;
#1499 = PLANE ( 'NONE',  #1936 ) ;
#1500 = CARTESIAN_POINT ( 'NONE',  ( 1.599999999999999000, -0.7999999999999999300, 0.0000000000000000000 ) ) ;
#1501 = DIRECTION ( 'NONE',  ( 0.0000000000000000000, 0.0000000000000000000, -1.000000000000000000 ) ) ;
#1502 = DIRECTION ( 'NONE',  ( -1.000000000000000000, 0.0000000000000000000, -0.0000000000000000000 ) ) ;
#1503 = FACE_OUTER_BOUND ( 'NONE', #1016, .T. ) ;
#1504 = PLANE ( 'NONE',  #1915 ) ;
#1505 = CARTESIAN_POINT ( 'NONE',  ( 0.7500000000000001100, 0.8000000000000000400, 0.08000000000000000200 ) ) ;
#1506 = DIRECTION ( 'NONE',  ( -1.000000000000000000, 0.0000000000000000000, 0.0000000000000000000 ) ) ;
#1507 = DIRECTION ( 'NONE',  ( 0.0000000000000000000, 0.0000000000000000000, 1.000000000000000000 ) ) ;
#1508 = FACE_OUTER_BOUND ( 'NONE', #1062, .T. ) ;
#1509 = PLANE ( 'NONE',  #1983 ) ;
#1510 = DIRECTION ( 'NONE',  ( 1.000000000000000000, -0.0000000000000000000, -0.0000000000000000000 ) ) ;
#1511 = DIRECTION ( 'NONE',  ( -0.0000000000000000000, 0.0000000000000000000, 1.000000000000000000 ) ) ;
#1512 = DIRECTION ( 'NONE',  ( 1.000000000000000000, 0.0000000000000000000, 0.0000000000000000000 ) ) ;
#1513 = FACE_OUTER_BOUND ( 'NONE', #1192, .T. ) ;
#1514 = PLANE ( 'NONE',  #2025 ) ;
#1515 = DIRECTION ( 'NONE',  ( 1.000000000000000000, -0.0000000000000000000, -0.0000000000000000000 ) ) ;
#1516 = DIRECTION ( 'NONE',  ( 1.000000000000000000, 0.0000000000000000000, -0.0000000000000000000 ) ) ;
#1517 = DIRECTION ( 'NONE',  ( -0.0000000000000000000, 0.0000000000000000000, -1.000000000000000000 ) ) ;
#1518 = FACE_OUTER_BOUND ( 'NONE', #1074, .T. ) ;
#1519 = CARTESIAN_POINT ( 'NONE',  ( -5.000000000000000000, 1.084202172485504400E-016, 0.5400000000000000400 ) ) ;
#1520 = CYLINDRICAL_SURFACE ( 'NONE', #1907, 0.05100000000000004500 ) ;
#1521 = DIRECTION ( 'NONE',  ( 0.0000000000000000000, 0.0000000000000000000, -1.000000000000000000 ) ) ;
#1522 = FACE_OUTER_BOUND ( 'NONE', #1118, .T. ) ;
#1523 = CARTESIAN_POINT ( 'NONE',  ( -5.000000000000000000, 1.084202172485504400E-016, 0.5400000000000000400 ) ) ;
#1524 = DIRECTION ( 'NONE',  ( -0.0000000000000000000, -0.0000000000000000000, 1.000000000000000000 ) ) ;
#1525 = CYLINDRICAL_SURFACE ( 'NONE', #1908, 0.05100000000000004500 ) ;
#1526 = DIRECTION ( 'NONE',  ( 0.0000000000000000000, 0.0000000000000000000, -1.000000000000000000 ) ) ;
#1527 = FACE_OUTER_BOUND ( 'NONE', #1155, .T. ) ;
#1528 = CARTESIAN_POINT ( 'NONE',  ( -1.599999999999999900, -2.412831099714667200E-017, 0.0000000000000000000 ) ) ;
#1529 = DIRECTION ( 'NONE',  ( -0.0000000000000000000, -0.0000000000000000000, 1.000000000000000000 ) ) ;
#1530 = CYLINDRICAL_SURFACE ( 'NONE', #1953, 0.5999999999999998700 ) ;
#1531 = DIRECTION ( 'NONE',  ( 1.000000000000000000, 0.0000000000000000000, 0.0000000000000000000 ) ) ;
#1532 = FACE_OUTER_BOUND ( 'NONE', #1169, .T. ) ;
#1533 = CARTESIAN_POINT ( 'NONE',  ( -1.599999999999999900, -2.412831099714667200E-017, 0.0000000000000000000 ) ) ;
#1534 = CARTESIAN_POINT ( 'NONE',  ( 1.599999999999999000, -0.7999999999999999300, 1.080000000000000100 ) ) ;
#1535 = CYLINDRICAL_SURFACE ( 'NONE', #1955, 0.6499999999999998000 ) ;
#1536 = DIRECTION ( 'NONE',  ( 1.000000000000000000, 0.0000000000000000000, 0.0000000000000000000 ) ) ;
#1537 = FACE_OUTER_BOUND ( 'NONE', #1177, .T. ) ;
#1538 = PLANE ( 'NONE',  #2082 ) ;
#1539 = CARTESIAN_POINT ( 'NONE',  ( -1.599999999999999900, -0.7999999999999999300, 1.080000000000000100 ) ) ;
#1540 = CARTESIAN_POINT ( 'NONE',  ( -1.600000000000000100, 0.8000000000000001600, 1.080000000000000100 ) ) ;
#1541 = DIRECTION ( 'NONE',  ( -0.0000000000000000000, 0.0000000000000000000, 1.000000000000000000 ) ) ;
#1542 = DIRECTION ( 'NONE',  ( 1.000000000000000000, 0.0000000000000000000, 0.0000000000000000000 ) ) ;
#1543 = FACE_OUTER_BOUND ( 'NONE', #1196, .T. ) ;
#1544 = PLANE ( 'NONE',  #1940 ) ;
#1545 = CARTESIAN_POINT ( 'NONE',  ( 0.0000000000000000000, 0.0000000000000000000, 1.000000000000000000 ) ) ;
#1546 = DIRECTION ( 'NONE',  ( 0.0000000000000000000, 1.000000000000000000, 0.0000000000000000000 ) ) ;
#1547 = DIRECTION ( 'NONE',  ( 0.0000000000000000000, -0.0000000000000000000, 1.000000000000000000 ) ) ;
#1548 = FACE_OUTER_BOUND ( 'NONE', #1125, .T. ) ;
#1549 = PLANE ( 'NONE',  #1926 ) ;
#1550 = LINE ( 'NONE', #1561, #1906 ) ;
#1551 = DIRECTION ( 'NONE',  ( 0.0000000000000000000, -1.000000000000000000, 0.0000000000000000000 ) ) ;
#1552 = DIRECTION ( 'NONE',  ( 0.0000000000000000000, -0.0000000000000000000, -1.000000000000000000 ) ) ;
#1553 = FACE_OUTER_BOUND ( 'NONE', #1178, .T. ) ;
#1554 = PLANE ( 'NONE',  #2087 ) ;
#1555 = DIRECTION ( 'NONE',  ( 0.0000000000000000000, 0.0000000000000000000, 1.000000000000000000 ) ) ;
#1556 = DIRECTION ( 'NONE',  ( 1.000000000000000000, 0.0000000000000000000, -0.0000000000000000000 ) ) ;
#1557 = FACE_OUTER_BOUND ( 'NONE', #1137, .T. ) ;
#1558 = LINE ( 'NONE', #1559, #1943 ) ;
#1559 = CARTESIAN_POINT ( 'NONE',  ( -0.7500000000000000000, 0.8000000000000000400, 0.08000000000000000200 ) ) ;
#1560 = DIRECTION ( 'NONE',  ( -0.0000000000000000000, -0.0000000000000000000, -1.000000000000000000 ) ) ;
#1561 = CARTESIAN_POINT ( 'NONE',  ( -1.550000000000000300, 0.8000000000000001600, 1.080000000000000100 ) ) ;
#1562 = DIRECTION ( 'NONE',  ( 0.0000000000000000000, 0.0000000000000000000, -1.000000000000000000 ) ) ;
#1563 = LINE ( 'NONE', #1564, #1996 ) ;
#1564 = CARTESIAN_POINT ( 'NONE',  ( -1.600000000000000100, 0.8000000000000001600, 0.07999999999999998800 ) ) ;
#1565 = DIRECTION ( 'NONE',  ( 1.000000000000000000, 0.0000000000000000000, 0.0000000000000000000 ) ) ;
#1566 = LINE ( 'NONE', #1567, #1929 ) ;
#1567 = CARTESIAN_POINT ( 'NONE',  ( -1.600000000000000100, 0.8000000000000001600, 0.0000000000000000000 ) ) ;
#1568 = DIRECTION ( 'NONE',  ( -1.000000000000000000, -0.0000000000000000000, -0.0000000000000000000 ) ) ;
#1569 = LINE ( 'NONE', #1571, #1946 ) ;
#1570 = CARTESIAN_POINT ( 'NONE',  ( -1.599999999999999900, -0.7999999999999999300, 0.07999999999999998800 ) ) ;
#1571 = CARTESIAN_POINT ( 'NONE',  ( -1.600000000000000100, 0.8000000000000001600, 1.080000000000000100 ) ) ;
#1572 = DIRECTION ( 'NONE',  ( -0.0000000000000000000, -0.0000000000000000000, -1.000000000000000000 ) ) ;
#1573 = PLANE ( 'NONE',  #1956 ) ;
#1574 = CARTESIAN_POINT ( 'NONE',  ( 1.100000000000000800, 0.0000000000000000000, 0.9400000000000000600 ) ) ;
#1575 = DIRECTION ( 'NONE',  ( 0.0000000000000000000, 0.0000000000000000000, 1.000000000000000000 ) ) ;
#1576 = DIRECTION ( 'NONE',  ( 1.000000000000000000, 0.0000000000000000000, -0.0000000000000000000 ) ) ;
#1577 = LINE ( 'NONE', #1570, #2073 ) ;
#1578 = CARTESIAN_POINT ( 'NONE',  ( -1.600000000000000100, 0.8000000000000001600, 1.080000000000000100 ) ) ;
#1579 = LINE ( 'NONE', #1578, #2039 ) ;
#1580 = LINE ( 'NONE', #1581, #2047 ) ;
#1581 = CARTESIAN_POINT ( 'NONE',  ( -0.7500000000000000000, -0.7999999999999999300, 0.08000000000000000200 ) ) ;
#1582 = DIRECTION ( 'NONE',  ( -0.0000000000000000000, -0.0000000000000000000, -1.000000000000000000 ) ) ;
#1583 = DIRECTION ( 'NONE',  ( -1.000000000000000000, 0.0000000000000000000, 0.0000000000000000000 ) ) ;
#1584 = LINE ( 'NONE', #1585, #1944 ) ;
#1585 = CARTESIAN_POINT ( 'NONE',  ( -1.549999999999999800, -0.7999999999999999300, 1.080000000000000100 ) ) ;
#1586 = DIRECTION ( 'NONE',  ( 0.0000000000000000000, 0.0000000000000000000, 1.000000000000000000 ) ) ;
#1587 = LINE ( 'NONE', #1588, #2079 ) ;
#1588 = CARTESIAN_POINT ( 'NONE',  ( -0.7500000000000000000, -0.8000000000000002700, 1.000000000000000000 ) ) ;
#1589 = DIRECTION ( 'NONE',  ( -0.0000000000000000000, -0.0000000000000000000, 1.000000000000000000 ) ) ;
#1590 = LINE ( 'NONE', #1591, #1899 ) ;
#1591 = CARTESIAN_POINT ( 'NONE',  ( -1.600000000000000100, 0.8000000000000001600, 1.080000000000000100 ) ) ;
#1592 = DIRECTION ( 'NONE',  ( 1.355252715606880500E-016, -1.000000000000000000, 0.0000000000000000000 ) ) ;
#1593 = CARTESIAN_POINT ( 'NONE',  ( -0.2500000000000001100, 0.0000000000000000000, 0.7900000000000000400 ) ) ;
#1594 = DIRECTION ( 'NONE',  ( -0.0000000000000000000, -0.0000000000000000000, 1.000000000000000000 ) ) ;
#1595 = PLANE ( 'NONE',  #2471 ) ;
#1596 = DIRECTION ( 'NONE',  ( 0.0000000000000000000, 0.0000000000000000000, 1.000000000000000000 ) ) ;
#1597 = DIRECTION ( 'NONE',  ( -0.0000000000000000000, 1.000000000000000000, -0.0000000000000000000 ) ) ;
#1598 = FACE_OUTER_BOUND ( 'NONE', #1183, .T. ) ;
#1599 = DIRECTION ( 'NONE',  ( 1.000000000000000000, 0.0000000000000000000, 0.0000000000000000000 ) ) ;
#1600 = CARTESIAN_POINT ( 'NONE',  ( 1.000000000000000000, 0.0000000000000000000, 0.6400000000000000100 ) ) ;
#1601 = DIRECTION ( 'NONE',  ( 0.0000000000000000000, 0.0000000000000000000, 1.000000000000000000 ) ) ;
#1602 = FACE_OUTER_BOUND ( 'NONE', #978, .T. ) ;
#1603 = DIRECTION ( 'NONE',  ( 0.0000000000000000000, 1.000000000000000000, 0.0000000000000000000 ) ) ;
#1604 = CARTESIAN_POINT ( 'NONE',  ( -1.550000000000000300, 0.6480740698407858600, 0.0000000000000000000 ) ) ;
#1605 = CARTESIAN_POINT ( 'NONE',  ( -1.599999999999999900, -2.412831099714667200E-017, 1.080000000000000100 ) ) ;
#1606 = DIRECTION ( 'NONE',  ( 0.0000000000000000000, 0.0000000000000000000, 1.000000000000000000 ) ) ;
#1607 = DIRECTION ( 'NONE',  ( 1.000000000000000000, 0.0000000000000000000, 0.0000000000000000000 ) ) ;
#1608 = DIRECTION ( 'NONE',  ( 1.355252715606880500E-016, -1.000000000000000000, 0.0000000000000000000 ) ) ;
#1609 = LINE ( 'NONE', #1611, #1896 ) ;
#1610 = LINE ( 'NONE', #1604, #2084 ) ;
#1611 = CARTESIAN_POINT ( 'NONE',  ( -0.7500000000000000000, -0.8000000000000002700, 1.080000000000000100 ) ) ;
#1612 = DIRECTION ( 'NONE',  ( -0.0000000000000000000, -1.000000000000000000, -0.0000000000000000000 ) ) ;
#1613 = CARTESIAN_POINT ( 'NONE',  ( -0.9499999999999850800, -4.240894032178348900E-014, 0.4889999999998083700 ) ) ;
#1614 = CARTESIAN_POINT ( 'NONE',  ( -0.9500000000000000700, 0.005698354698571456900, 0.4889999999999999300 ) ) ;
#1615 = CARTESIAN_POINT ( 'NONE',  ( -1.599999999999999900, -2.412831099714667200E-017, 0.08000000000000000200 ) ) ;
#1616 = DIRECTION ( 'NONE',  ( -0.0000000000000000000, -0.0000000000000000000, 1.000000000000000000 ) ) ;
#1617 = DIRECTION ( 'NONE',  ( -1.000000000000000000, 0.0000000000000000000, 0.0000000000000000000 ) ) ;
#1618 = DIRECTION ( 'NONE',  ( -0.0000000000000000000, -0.0000000000000000000, 1.000000000000000000 ) ) ;
#1619 = CARTESIAN_POINT ( 'NONE',  ( -1.599999999999999900, -0.5999999999999997600, 0.0000000000000000000 ) ) ;
#1620 = LINE ( 'NONE', #1619, #2040 ) ;
#1621 = CARTESIAN_POINT ( 'NONE',  ( -0.9500790458684769100, 0.01147525219597811600, 0.4899822992425333400 ) ) ;
#1622 = CARTESIAN_POINT ( 'NONE',  ( -0.9502184884945518200, 0.01685192290793454200, 0.4918646419530814400 ) ) ;
#1623 = CARTESIAN_POINT ( 'NONE',  ( -0.9503579207945961300, 0.02222819546569930500, 0.4937468452720467600 ) ) ;
#1624 = CARTESIAN_POINT ( 'NONE',  ( -0.9505604714624094100, 0.02735248236528373100, 0.4965804122306885500 ) ) ;
#1625 = CARTESIAN_POINT ( 'NONE',  ( -0.9507785166767722700, 0.03180354683974211800, 0.5001310345204149600 ) ) ;
#1626 = CARTESIAN_POINT ( 'NONE',  ( -0.9509969814375249800, 0.03626317572152727000, 0.5036884886535638600 ) ) ;
#1627 = CARTESIAN_POINT ( 'NONE',  ( -0.9512353247925696700, 0.04017001486895131100, 0.5080638040654758000 ) ) ;
#1628 = CARTESIAN_POINT ( 'NONE',  ( -0.9514372930681203000, 0.04320202746622711600, 0.5128967746788805100 ) ) ;
#1629 = CARTESIAN_POINT ( 'NONE',  ( -0.9516395191701243500, 0.04623791063700074400, 0.5177359149130804600 ) ) ;
#1630 = CARTESIAN_POINT ( 'NONE',  ( -0.9518092462753935400, 0.04848038569116854000, 0.5231679594954504700 ) ) ;
#1631 = CARTESIAN_POINT ( 'NONE',  ( -0.9519060755991465300, 0.04974198583390698800, 0.5287423428148030300 ) ) ;
#1632 = CARTESIAN_POINT ( 'NONE',  ( -0.9520027022922472600, 0.05100094587910179000, 0.5343050608566954900 ) ) ;
#1633 = CARTESIAN_POINT ( 'NONE',  ( -0.9520286126167163400, 0.05131772482280209200, 0.5401633071883202900 ) ) ;
#1634 = CARTESIAN_POINT ( 'NONE',  ( -0.9519776332067803000, 0.05066568992635659500, 0.5458299111731062000 ) ) ;
#1635 = CARTESIAN_POINT ( 'NONE',  ( -0.9519267659516058600, 0.05001508950744605600, 0.5514840486224965600 ) ) ;
#1636 = CARTESIAN_POINT ( 'NONE',  ( -0.9517983900891562300, 0.04838232255851891700, 0.5571030757497510400 ) ) ;
#1637 = CARTESIAN_POINT ( 'NONE',  ( -0.9516228839038948200, 0.04590332583699863900, 0.5622235163082343100 ) ) ;
#1638 = CARTESIAN_POINT ( 'NONE',  ( -0.9514471789528408100, 0.04342152158053395200, 0.5673497559126274800 ) ) ;
#1639 = CARTESIAN_POINT ( 'NONE',  ( -0.9512208108176679600, 0.04002360046431852800, 0.5721174394454148200 ) ) ;
#1640 = CARTESIAN_POINT ( 'NONE',  ( -0.9509971002421197000, 0.03598938879534666100, 0.5761353551821121200 ) ) ;
#1641 = CARTESIAN_POINT ( 'NONE',  ( -0.9507727864927684200, 0.03194429998841034200, 0.5801641041192915300 ) ) ;
#1642 = CARTESIAN_POINT ( 'NONE',  ( -0.9505467071015065700, 0.02714770758804962600, 0.5835501483055070000 ) ) ;
#1643 = CARTESIAN_POINT ( 'NONE',  ( -0.9503722554030702400, 0.02199530517874556000, 0.5860131128059584700 ) ) ;
#1644 = CARTESIAN_POINT ( 'NONE',  ( -0.9501977930346897600, 0.01684258763438794100, 0.5884762279480696400 ) ) ;
#1645 = CARTESIAN_POINT ( 'NONE',  ( -0.9500715251618849800, 0.01119125825720705700, 0.5900839424416002300 ) ) ;
#1646 = CARTESIAN_POINT ( 'NONE',  ( -0.9500233635570016800, 0.005511086848003823500, 0.5907013601568416000 ) ) ;
#1647 = CARTESIAN_POINT ( 'NONE',  ( -0.9500078564739967700, 0.003682184141402680200, 0.5909001564341298500 ) ) ;
#1648 = CARTESIAN_POINT ( 'NONE',  ( -0.9500000000000002900, 0.001839740617565368100, 0.5909999999999978600 ) ) ;
#1649 = CARTESIAN_POINT ( 'NONE',  ( -0.9499999999999725300, 3.852090420431655000E-014, 0.5910000000003504700 ) ) ;
#1650 = LINE ( 'NONE', #1651, #2085 ) ;
#1651 = CARTESIAN_POINT ( 'NONE',  ( -1.550000000000000000, -2.699619867232983900E-016, 0.08000000000000000200 ) ) ;
#1652 = DIRECTION ( 'NONE',  ( -1.741690236924505800E-016, 1.000000000000000000, 0.0000000000000000000 ) ) ;
#1653 = LINE ( 'NONE', #1654, #1911 ) ;
#1654 = CARTESIAN_POINT ( 'NONE',  ( -1.550000000000000000, -2.699619867232983900E-016, 0.08000000000000000200 ) ) ;
#1655 = DIRECTION ( 'NONE',  ( -1.741690236924505800E-016, 1.000000000000000000, 0.0000000000000000000 ) ) ;
#1656 = LINE ( 'NONE', #1667, #1905 ) ;
#1657 = LINE ( 'NONE', #1662, #1987 ) ;
#1658 = CARTESIAN_POINT ( 'NONE',  ( -1.599999999999999900, -2.412831099714667200E-017, 0.0000000000000000000 ) ) ;
#1659 = DIRECTION ( 'NONE',  ( -0.0000000000000000000, 0.0000000000000000000, 1.000000000000000000 ) ) ;
#1660 = DIRECTION ( 'NONE',  ( 1.000000000000000000, 0.0000000000000000000, 0.0000000000000000000 ) ) ;
#1661 = DIRECTION ( 'NONE',  ( 0.0000000000000000000, 0.0000000000000000000, -1.000000000000000000 ) ) ;
#1662 = CARTESIAN_POINT ( 'NONE',  ( -1.600000000000000100, 0.8000000000000001600, 0.0000000000000000000 ) ) ;
#1663 = DIRECTION ( 'NONE',  ( 1.355252715606880500E-016, -1.000000000000000000, 0.0000000000000000000 ) ) ;
#1664 = LINE ( 'NONE', #1665, #1968 ) ;
#1665 = CARTESIAN_POINT ( 'NONE',  ( -0.7500000000000000000, 0.8000000000000000400, 0.08000000000000000200 ) ) ;
#1666 = DIRECTION ( 'NONE',  ( -0.0000000000000000000, 1.000000000000000000, -0.0000000000000000000 ) ) ;
#1667 = CARTESIAN_POINT ( 'NONE',  ( -1.600000000000000100, 0.8000000000000001600, 0.0000000000000000000 ) ) ;
#1668 = DIRECTION ( 'NONE',  ( 1.355252715606880500E-016, -1.000000000000000000, 0.0000000000000000000 ) ) ;
#1669 = LINE ( 'NONE', #1670, #2035 ) ;
#1670 = CARTESIAN_POINT ( 'NONE',  ( -0.7500000000000000000, 0.8000000000000000400, 0.0000000000000000000 ) ) ;
#1671 = DIRECTION ( 'NONE',  ( -0.0000000000000000000, 1.000000000000000000, -0.0000000000000000000 ) ) ;
#1672 = LINE ( 'NONE', #1674, #2004 ) ;
#1673 = CARTESIAN_POINT ( 'NONE',  ( 0.2500000000000000000, 0.5000000000000000000, 0.2899999999999999800 ) ) ;
#1674 = CARTESIAN_POINT ( 'NONE',  ( 0.7500000000000001100, 0.0000000000000000000, 0.2899999999999999800 ) ) ;
#1675 = DIRECTION ( 'NONE',  ( -0.0000000000000000000, -0.0000000000000000000, 1.000000000000000000 ) ) ;
#1676 = CARTESIAN_POINT ( 'NONE',  ( 0.7500000000000439600, -4.831206663169627800E-014, 0.5910000000004301800 ) ) ;
#1677 = CARTESIAN_POINT ( 'NONE',  ( 0.7500000000000006700, 0.003835427222149418000, 0.5910000000000056300 ) ) ;
#1678 = LINE ( 'NONE', #1673, #1977 ) ;
#1679 = CARTESIAN_POINT ( 'NONE',  ( 0.2500000000000001100, 0.0000000000000000000, 0.2899999999999999800 ) ) ;
#1680 = DIRECTION ( 'NONE',  ( 0.0000000000000000000, 0.0000000000000000000, 1.000000000000000000 ) ) ;
#1681 = DIRECTION ( 'NONE',  ( 1.000000000000000000, 0.0000000000000000000, 0.0000000000000000000 ) ) ;
#1682 = LINE ( 'NONE', #1712, #2069 ) ;
#1683 = CARTESIAN_POINT ( 'NONE',  ( 0.7499547533889910900, 0.007695210877205364800, 0.5905617140483747600 ) ) ;
#1684 = CARTESIAN_POINT ( 'NONE',  ( 0.7498692898136847300, 0.01143210834284968600, 0.5897021820329586600 ) ) ;
#1685 = CARTESIAN_POINT ( 'NONE',  ( 0.7497427170538053500, 0.01696650617159219800, 0.5884292030005963100 ) ) ;
#1686 = CARTESIAN_POINT ( 'NONE',  ( 0.7495231305979752600, 0.02235570327576194200, 0.5861889632817292000 ) ) ;
#1687 = CARTESIAN_POINT ( 'NONE',  ( 0.7492618690195889100, 0.02715853720410956900, 0.5831672776178091800 ) ) ;
#1688 = CARTESIAN_POINT ( 'NONE',  ( 0.7489996897201539600, 0.03197824181744504000, 0.5801349778232053300 ) ) ;
#1689 = CARTESIAN_POINT ( 'NONE',  ( 0.7486903429998068600, 0.03634017230677604600, 0.5762326427262799400 ) ) ;
#1690 = CARTESIAN_POINT ( 'NONE',  ( 0.7484064233407326000, 0.03988780731876062600, 0.5717799123236903000 ) ) ;
#1691 = CARTESIAN_POINT ( 'NONE',  ( 0.7481214491847995000, 0.04344861848764874200, 0.5673106441785663600 ) ) ;
#1692 = CARTESIAN_POINT ( 'NONE',  ( 0.7478564611346250100, 0.04628725206779230100, 0.5621628552078019600 ) ) ;
#1693 = CARTESIAN_POINT ( 'NONE',  ( 0.7476745566164589900, 0.04816674886901882400, 0.5567619898397800900 ) ) ;
#1694 = CARTESIAN_POINT ( 'NONE',  ( 0.7474929924140606400, 0.05004272941675584600, 0.5513712286718209800 ) ) ;
#1695 = CARTESIAN_POINT ( 'NONE',  ( 0.7473907012835440100, 0.05101461062728170100, 0.5455787162317905500 ) ) ;
#1696 = CARTESIAN_POINT ( 'NONE',  ( 0.7473922168929744100, 0.05099982915944301100, 0.5398679935317994800 ) ) ;
#1697 = CARTESIAN_POINT ( 'NONE',  ( 0.7473937255720291000, 0.05098511528231972100, 0.5341833840593238600 ) ) ;
#1698 = CARTESIAN_POINT ( 'NONE',  ( 0.7474980741060093200, 0.04999259401691894700, 0.5284232005272049300 ) ) ;
#1699 = CARTESIAN_POINT ( 'NONE',  ( 0.7476804502422901300, 0.04810581510203820000, 0.5230639274514858900 ) ) ;
#1700 = CARTESIAN_POINT ( 'NONE',  ( 0.7478628047567275100, 0.04621925987672116000, 0.5177052897514573500 ) ) ;
#1701 = CARTESIAN_POINT ( 'NONE',  ( 0.7481266505524086800, 0.04338752488906427000, 0.5126001865530387400 ) ) ;
#1702 = CARTESIAN_POINT ( 'NONE',  ( 0.7484099328494864300, 0.03984393099294495500, 0.5081650952093546000 ) ) ;
#1703 = CARTESIAN_POINT ( 'NONE',  ( 0.7486944951945788700, 0.03628432490553138600, 0.5037099633268604700 ) ) ;
#1704 = CARTESIAN_POINT ( 'NONE',  ( 0.7490042971283380500, 0.03190835385221588200, 0.4998081075348543300 ) ) ;
#1705 = CARTESIAN_POINT ( 'NONE',  ( 0.7492664150944696700, 0.02707483626389574000, 0.4967801753672779200 ) ) ;
#1706 = CARTESIAN_POINT ( 'NONE',  ( 0.7495290885501373300, 0.02223107531651985500, 0.4937458263002443300 ) ) ;
#1707 = CARTESIAN_POINT ( 'NONE',  ( 0.7497490820887855500, 0.01679319806230572900, 0.4915055557645374200 ) ) ;
#1708 = CARTESIAN_POINT ( 'NONE',  ( 0.7498742573820225100, 0.01121279656338009800, 0.4902478825251803100 ) ) ;
#1709 = CARTESIAN_POINT ( 'NONE',  ( 0.7499565352946804300, 0.007544790080220374600, 0.4894212119717180600 ) ) ;
#1710 = CARTESIAN_POINT ( 'NONE',  ( 0.7500000000000002200, 0.003760907526033514500, 0.4889999999999999300 ) ) ;
#1711 = CARTESIAN_POINT ( 'NONE',  ( 0.7500000000000266500, 5.952340909381734000E-014, 0.4889999999997389800 ) ) ;
#1712 = CARTESIAN_POINT ( 'NONE',  ( 0.7500000000000001100, 0.0000000000000000000, 0.2899999999999999800 ) ) ;
#1713 = DIRECTION ( 'NONE',  ( -0.0000000000000000000, -0.0000000000000000000, 1.000000000000000000 ) ) ;
#1714 = CARTESIAN_POINT ( 'NONE',  ( 0.7500000000000002200, -0.005691647266561438100, 0.4889999999999999300 ) ) ;
#1715 = CARTESIAN_POINT ( 'NONE',  ( 0.9499999999999855200, 4.262279626278110400E-014, 0.4889999999998083700 ) ) ;
#1716 = CARTESIAN_POINT ( 'NONE',  ( 0.2500000000000001100, 0.0000000000000000000, 0.7900000000000000400 ) ) ;
#1717 = DIRECTION ( 'NONE',  ( 0.0000000000000000000, 0.0000000000000000000, 1.000000000000000000 ) ) ;
#1718 = DIRECTION ( 'NONE',  ( 1.000000000000000000, 0.0000000000000000000, 0.0000000000000000000 ) ) ;
#1719 = CARTESIAN_POINT ( 'NONE',  ( 0.7500000000000266500, 5.952340909381734000E-014, 0.4889999999997389800 ) ) ;
#1720 = DIRECTION ( 'NONE',  ( -0.0000000000000000000, -0.0000000000000000000, 1.000000000000000000 ) ) ;
#1721 = CARTESIAN_POINT ( 'NONE',  ( 0.9500000000000002900, -0.005698354698571240000, 0.4889999999999999300 ) ) ;
#1722 = LINE ( 'NONE', #1752, #1933 ) ;
#1723 = CARTESIAN_POINT ( 'NONE',  ( 0.7498974884011442300, -0.01146171770770730600, 0.4899800923674152400 ) ) ;
#1724 = CARTESIAN_POINT ( 'NONE',  ( 0.7497166121354509300, -0.01683174250835254100, 0.4918575816547140500 ) ) ;
#1725 = CARTESIAN_POINT ( 'NONE',  ( 0.7495357584004834800, -0.02220109839560931900, 0.4937348370738710600 ) ) ;
#1726 = CARTESIAN_POINT ( 'NONE',  ( 0.7492730286885533900, -0.02731843005819280600, 0.4965602713441248400 ) ) ;
#1727 = CARTESIAN_POINT ( 'NONE',  ( 0.7489899525754731800, -0.03176518894524491700, 0.5001004665281297800 ) ) ;
#1728 = CARTESIAN_POINT ( 'NONE',  ( 0.7487059595111959000, -0.03622635194728986200, 0.5036521292505874400 ) ) ;
#1729 = CARTESIAN_POINT ( 'NONE',  ( 0.7483958427099277600, -0.04013567351062614200, 0.5080210162705608400 ) ) ;
#1730 = CARTESIAN_POINT ( 'NONE',  ( 0.7481326945270365700, -0.04317196594126968700, 0.5128489161032961900 ) ) ;
#1731 = CARTESIAN_POINT ( 'NONE',  ( 0.7478689731894676600, -0.04621487162377216400, 0.5176873314309230500 ) ) ;
#1732 = CARTESIAN_POINT ( 'NONE',  ( 0.7476472565531505600, -0.04846473680831951700, 0.5231212465049216400 ) ) ;
#1733 = CARTESIAN_POINT ( 'NONE',  ( 0.7475205546517993400, -0.04973226014335323200, 0.5286994557195753300 ) ) ;
#1734 = CARTESIAN_POINT ( 'NONE',  ( 0.7473942993511372100, -0.05099531569385668000, 0.5342580027819459100 ) ) ;
#1735 = CARTESIAN_POINT ( 'NONE',  ( 0.7473599603493967800, -0.05131755475479497100, 0.5401137510205006300 ) ) ;
#1736 = CARTESIAN_POINT ( 'NONE',  ( 0.7474257620450094300, -0.05067160204633151800, 0.5457782995819020500 ) ) ;
#1737 = CARTESIAN_POINT ( 'NONE',  ( 0.7474913176976444300, -0.05002806465750946800, 0.5514216674976916100 ) ) ;
#1738 = CARTESIAN_POINT ( 'NONE',  ( 0.7476574600762120300, -0.04840637385196457800, 0.5570304815484827800 ) ) ;
#1739 = CARTESIAN_POINT ( 'NONE',  ( 0.7478848541790216200, -0.04594205022780822900, 0.5621433516177101200 ) ) ;
#1740 = CARTESIAN_POINT ( 'NONE',  ( 0.7481126802808447700, -0.04347304492826446800, 0.5672659350207411900 ) ) ;
#1741 = CARTESIAN_POINT ( 'NONE',  ( 0.7484064059204255100, -0.04009091628911881000, 0.5720315894182095300 ) ) ;
#1742 = CARTESIAN_POINT ( 'NONE',  ( 0.7486970312203736800, -0.03607313476793707500, 0.5760517537439477900 ) ) ;
#1743 = CARTESIAN_POINT ( 'NONE',  ( 0.7489889847673153500, -0.03203699074966157000, 0.5800902914569292500 ) ) ;
#1744 = CARTESIAN_POINT ( 'NONE',  ( 0.7492836074141017200, -0.02724770405684144200, 0.5834878859503076500 ) ) ;
#1745 = CARTESIAN_POINT ( 'NONE',  ( 0.7495113824628487600, -0.02209929388133829000, 0.5859632593485953900 ) ) ;
#1746 = CARTESIAN_POINT ( 'NONE',  ( 0.7497391882860000600, -0.01695018811051799600, 0.5884389671915147800 ) ) ;
#1747 = CARTESIAN_POINT ( 'NONE',  ( 0.7499046268885486400, -0.01129875804281319800, 0.5900602467745005300 ) ) ;
#1748 = CARTESIAN_POINT ( 'NONE',  ( 0.7499684596522754300, -0.005615990823642999700, 0.5906898475739350600 ) ) ;
#1749 = CARTESIAN_POINT ( 'NONE',  ( 0.7499893902088580200, -0.003752629849080976000, 0.5908962916378870400 ) ) ;
#1750 = CARTESIAN_POINT ( 'NONE',  ( 0.7499999999999997800, -0.001874879025840367700, 0.5909999999999973100 ) ) ;
#1751 = CARTESIAN_POINT ( 'NONE',  ( 0.7500000000000439600, -4.831206663169627800E-014, 0.5910000000004301800 ) ) ;
#1752 = CARTESIAN_POINT ( 'NONE',  ( -5.000000000000000000, 1.146659159242019700E-016, 0.5910000000000000800 ) ) ;
#1753 = DIRECTION ( 'NONE',  ( 1.000000000000000000, -0.0000000000000000000, -0.0000000000000000000 ) ) ;
#1754 = FACE_OUTER_BOUND ( 'NONE', #1130, .T. ) ;
#1755 = CARTESIAN_POINT ( 'NONE',  ( -1.550000000000000000, -2.100641709190664800E-016, 0.0000000000000000000 ) ) ;
#1756 = CARTESIAN_POINT ( 'NONE',  ( 0.9500790458684772500, -0.01147525219597789900, 0.4899822992425333400 ) ) ;
#1757 = CARTESIAN_POINT ( 'NONE',  ( 0.9502184884945521500, -0.01685192290793432700, 0.4918646419530814400 ) ) ;
#1758 = CARTESIAN_POINT ( 'NONE',  ( 0.9503579207945964700, -0.02222819546569909000, 0.4937468452720467600 ) ) ;
#1759 = CARTESIAN_POINT ( 'NONE',  ( 0.9505604714624097400, -0.02735248236528351300, 0.4965804122306885500 ) ) ;
#1760 = CARTESIAN_POINT ( 'NONE',  ( 0.9507785166767724900, -0.03180354683974189600, 0.5001310345204149600 ) ) ;
#1761 = CARTESIAN_POINT ( 'NONE',  ( 0.9509969814375253100, -0.03626317572152705500, 0.5036884886535638600 ) ) ;
#1762 = CARTESIAN_POINT ( 'NONE',  ( 0.9512353247925701100, -0.04017001486895108200, 0.5080638040654758000 ) ) ;
#1763 = CARTESIAN_POINT ( 'NONE',  ( 0.9514372930681207500, -0.04320202746622689400, 0.5128967746788805100 ) ) ;
#1764 = CARTESIAN_POINT ( 'NONE',  ( 0.9516395191701247900, -0.04623791063700051500, 0.5177359149130804600 ) ) ;
#1765 = CARTESIAN_POINT ( 'NONE',  ( 0.9518092462753938700, -0.04848038569116832500, 0.5231679594954504700 ) ) ;
#1766 = CARTESIAN_POINT ( 'NONE',  ( 0.9519060755991469700, -0.04974198583390677200, 0.5287423428148030300 ) ) ;
#1767 = CARTESIAN_POINT ( 'NONE',  ( 0.9520027022922477000, -0.05100094587910156800, 0.5343050608566953800 ) ) ;
#1768 = CARTESIAN_POINT ( 'NONE',  ( 0.9520286126167167900, -0.05131772482280186300, 0.5401633071883201700 ) ) ;
#1769 = CARTESIAN_POINT ( 'NONE',  ( 0.9519776332067807500, -0.05066568992635638700, 0.5458299111731060900 ) ) ;
#1770 = CARTESIAN_POINT ( 'NONE',  ( 0.9519267659516063000, -0.05001508950744585500, 0.5514840486224964500 ) ) ;
#1771 = CARTESIAN_POINT ( 'NONE',  ( 0.9517983900891566800, -0.04838232255851870900, 0.5571030757497509300 ) ) ;
#1772 = CARTESIAN_POINT ( 'NONE',  ( 0.9516228839038952700, -0.04590332583699841700, 0.5622235163082343100 ) ) ;
#1773 = CARTESIAN_POINT ( 'NONE',  ( 0.9514471789528412500, -0.04342152158053373700, 0.5673497559126274800 ) ) ;
#1774 = CARTESIAN_POINT ( 'NONE',  ( 0.9512208108176682900, -0.04002360046431831200, 0.5721174394454148200 ) ) ;
#1775 = CARTESIAN_POINT ( 'NONE',  ( 0.9509971002421200300, -0.03598938879534644600, 0.5761353551821121200 ) ) ;
#1776 = CARTESIAN_POINT ( 'NONE',  ( 0.9507727864927687500, -0.03194429998841012700, 0.5801641041192915300 ) ) ;
#1777 = CARTESIAN_POINT ( 'NONE',  ( 0.9505467071015070200, -0.02714770758804940800, 0.5835501483055070000 ) ) ;
#1778 = CARTESIAN_POINT ( 'NONE',  ( 0.9503722554030706900, -0.02199530517874534500, 0.5860131128059584700 ) ) ;
#1779 = CARTESIAN_POINT ( 'NONE',  ( 0.9501977930346902100, -0.01684258763438772600, 0.5884762279480696400 ) ) ;
#1780 = CARTESIAN_POINT ( 'NONE',  ( 0.9500715251618853100, -0.01119125825720684700, 0.5900839424416002300 ) ) ;
#1781 = CARTESIAN_POINT ( 'NONE',  ( 0.9500233635570020100, -0.005511086848003618000, 0.5907013601568416000 ) ) ;
#1782 = CARTESIAN_POINT ( 'NONE',  ( 0.9500078564739971000, -0.003682184141402510200, 0.5909001564341298500 ) ) ;
#1783 = CARTESIAN_POINT ( 'NONE',  ( 0.9500000000000007300, -0.001839740617565234300, 0.5909999999999978600 ) ) ;
#1784 = CARTESIAN_POINT ( 'NONE',  ( 0.9499999999999730900, -3.843036662378502400E-014, 0.5910000000003504700 ) ) ;
#1785 = CARTESIAN_POINT ( 'NONE',  ( -0.7500000000000000000, -0.8000000000000002700, 1.000000000000000000 ) ) ;
#1786 = PLANE ( 'NONE',  #2003 ) ;
#1787 = DIRECTION ( 'NONE',  ( -0.0000000000000000000, -0.0000000000000000000, 1.000000000000000000 ) ) ;
#1788 = DIRECTION ( 'NONE',  ( -1.000000000000000000, 0.0000000000000000000, 0.0000000000000000000 ) ) ;
#1789 = DIRECTION ( 'NONE',  ( 0.0000000000000000000, 0.0000000000000000000, 1.000000000000000000 ) ) ;
#1790 = FACE_OUTER_BOUND ( 'NONE', #1066, .T. ) ;
#1791 = CARTESIAN_POINT ( 'NONE',  ( -1.599999999999999900, -2.412831099714667200E-017, 0.0000000000000000000 ) ) ;
#1792 = CYLINDRICAL_SURFACE ( 'NONE', #2051, 0.6499999999999998000 ) ;
#1793 = DIRECTION ( 'NONE',  ( 1.000000000000000000, 0.0000000000000000000, 0.0000000000000000000 ) ) ;
#1794 = FACE_OUTER_BOUND ( 'NONE', #1124, .T. ) ;
#1795 = PLANE ( 'NONE',  #2063 ) ;
#1796 = CARTESIAN_POINT ( 'NONE',  ( -1.550000000000000000, -2.100641709190664800E-016, 0.0000000000000000000 ) ) ;
#1797 = DIRECTION ( 'NONE',  ( -0.0000000000000000000, -0.0000000000000000000, 1.000000000000000000 ) ) ;
#1798 = DIRECTION ( 'NONE',  ( -1.000000000000000000, -1.741690236924505800E-016, 0.0000000000000000000 ) ) ;
#1799 = DIRECTION ( 'NONE',  ( 1.741690236924505800E-016, -1.000000000000000000, 0.0000000000000000000 ) ) ;
#1800 = FACE_OUTER_BOUND ( 'NONE', #1141, .T. ) ;
#1801 = PLANE ( 'NONE',  #1922 ) ;
#1802 = CARTESIAN_POINT ( 'NONE',  ( -1.600000000000000100, 0.8000000000000001600, 1.080000000000000100 ) ) ;
#1803 = DIRECTION ( 'NONE',  ( -1.000000000000000000, -1.741690236924505800E-016, 0.0000000000000000000 ) ) ;
#1804 = DIRECTION ( 'NONE',  ( 1.741690236924505800E-016, -1.000000000000000000, 0.0000000000000000000 ) ) ;
#1805 = FACE_OUTER_BOUND ( 'NONE', #1146, .T. ) ;
#1806 = CARTESIAN_POINT ( 'NONE',  ( -1.599999999999999900, -2.412831099714667200E-017, 0.0000000000000000000 ) ) ;
#1807 = CYLINDRICAL_SURFACE ( 'NONE', #1958, 0.5999999999999998700 ) ;
#1808 = DIRECTION ( 'NONE',  ( 1.000000000000000000, 0.0000000000000000000, 0.0000000000000000000 ) ) ;
#1809 = FACE_OUTER_BOUND ( 'NONE', #1143, .T. ) ;
#1810 = PLANE ( 'NONE',  #1981 ) ;
#1811 = CARTESIAN_POINT ( 'NONE',  ( 0.0000000000000000000, 0.0000000000000000000, 0.08000000000000000200 ) ) ;
#1812 = CARTESIAN_POINT ( 'NONE',  ( -1.600000000000000100, 0.8000000000000001600, 1.080000000000000100 ) ) ;
#1813 = DIRECTION ( 'NONE',  ( 1.000000000000000000, 1.355252715606880500E-016, -0.0000000000000000000 ) ) ;
#1814 = DIRECTION ( 'NONE',  ( -1.355252715606880500E-016, 1.000000000000000000, 0.0000000000000000000 ) ) ;
#1815 = FACE_OUTER_BOUND ( 'NONE', #1194, .T. ) ;
#1816 = PLANE ( 'NONE',  #1895 ) ;
#1817 = CARTESIAN_POINT ( 'NONE',  ( 1.599999999999999000, -0.7999999999999999300, 0.0000000000000000000 ) ) ;
#1818 = DIRECTION ( 'NONE',  ( 0.0000000000000000000, 0.0000000000000000000, -1.000000000000000000 ) ) ;
#1819 = DIRECTION ( 'NONE',  ( -1.000000000000000000, 0.0000000000000000000, -0.0000000000000000000 ) ) ;
#1820 = FACE_OUTER_BOUND ( 'NONE', #1113, .T. ) ;
#1821 = PLANE ( 'NONE',  #1948 ) ;
#1822 = CARTESIAN_POINT ( 'NONE',  ( -0.7500000000000000000, 0.8000000000000000400, 0.08000000000000000200 ) ) ;
#1823 = DIRECTION ( 'NONE',  ( 1.000000000000000000, 1.355252715606880500E-016, -0.0000000000000000000 ) ) ;
#1824 = DIRECTION ( 'NONE',  ( -1.355252715606880500E-016, 1.000000000000000000, 0.0000000000000000000 ) ) ;
#1825 = FACE_OUTER_BOUND ( 'NONE', #1148, .T. ) ;
#1826 = PLANE ( 'NONE',  #2049 ) ;
#1827 = DIRECTION ( 'NONE',  ( 1.000000000000000000, -0.0000000000000000000, -0.0000000000000000000 ) ) ;
#1828 = DIRECTION ( 'NONE',  ( -0.0000000000000000000, 0.0000000000000000000, 1.000000000000000000 ) ) ;
#1829 = DIRECTION ( 'NONE',  ( 1.000000000000000000, 0.0000000000000000000, 0.0000000000000000000 ) ) ;
#1830 = FACE_OUTER_BOUND ( 'NONE', #1110, .T. ) ;
#1831 = PLANE ( 'NONE',  #2015 ) ;
#1832 = DIRECTION ( 'NONE',  ( -0.0000000000000000000, -0.0000000000000000000, 1.000000000000000000 ) ) ;
#1833 = DIRECTION ( 'NONE',  ( -1.000000000000000000, 0.0000000000000000000, 0.0000000000000000000 ) ) ;
#1834 = DIRECTION ( 'NONE',  ( 0.0000000000000000000, 0.0000000000000000000, 1.000000000000000000 ) ) ;
#1835 = FACE_OUTER_BOUND ( 'NONE', #1145, .T. ) ;
#1836 = CARTESIAN_POINT ( 'NONE',  ( -5.000000000000000000, 1.084202172485504400E-016, 0.5400000000000000400 ) ) ;
#1837 = CYLINDRICAL_SURFACE ( 'NONE', #1928, 0.05100000000000004500 ) ;
#1838 = DIRECTION ( 'NONE',  ( 0.0000000000000000000, 0.0000000000000000000, -1.000000000000000000 ) ) ;
#1839 = FACE_OUTER_BOUND ( 'NONE', #1010, .T. ) ;
#1840 = CARTESIAN_POINT ( 'NONE',  ( 0.2500000000000001100, 0.0000000000000000000, 0.2899999999999999800 ) ) ;
#1841 = DIRECTION ( 'NONE',  ( 1.000000000000000000, -0.0000000000000000000, -0.0000000000000000000 ) ) ;
#1842 = CYLINDRICAL_SURFACE ( 'NONE', #2075, 0.5000000000000000000 ) ;
#1843 = DIRECTION ( 'NONE',  ( 1.000000000000000000, 0.0000000000000000000, 0.0000000000000000000 ) ) ;
#1844 = FACE_OUTER_BOUND ( 'NONE', #1184, .T. ) ;
#1845 = CARTESIAN_POINT ( 'NONE',  ( -5.000000000000000000, 1.084202172485504400E-016, 0.5400000000000000400 ) ) ;
#1846 = DIRECTION ( 'NONE',  ( -0.0000000000000000000, -0.0000000000000000000, 1.000000000000000000 ) ) ;
#1847 = CYLINDRICAL_SURFACE ( 'NONE', #2059, 0.05100000000000004500 ) ;
#1848 = DIRECTION ( 'NONE',  ( 0.0000000000000000000, 0.0000000000000000000, -1.000000000000000000 ) ) ;
#1849 = FACE_OUTER_BOUND ( 'NONE', #1031, .T. ) ;
#1850 = CARTESIAN_POINT ( 'NONE',  ( -1.599999999999999900, -2.412831099714667200E-017, 0.0000000000000000000 ) ) ;
#1851 = DIRECTION ( 'NONE',  ( 1.000000000000000000, -0.0000000000000000000, -0.0000000000000000000 ) ) ;
#1852 = CYLINDRICAL_SURFACE ( 'NONE', #2045, 0.6499999999999998000 ) ;
#1853 = DIRECTION ( 'NONE',  ( 1.000000000000000000, 0.0000000000000000000, 0.0000000000000000000 ) ) ;
#1854 = FACE_OUTER_BOUND ( 'NONE', #1005, .T. ) ;
#1855 = CARTESIAN_POINT ( 'NONE',  ( -5.000000000000000000, 1.084202172485504400E-016, 0.5400000000000000400 ) ) ;
#1856 = DIRECTION ( 'NONE',  ( 1.000000000000000000, -0.0000000000000000000, -0.0000000000000000000 ) ) ;
#1857 = CYLINDRICAL_SURFACE ( 'NONE', #2006, 0.05100000000000004500 ) ;
#1858 = DIRECTION ( 'NONE',  ( 0.0000000000000000000, 0.0000000000000000000, -1.000000000000000000 ) ) ;
#1859 = FACE_OUTER_BOUND ( 'NONE', #1122, .T. ) ;
#1860 = CARTESIAN_POINT ( 'NONE',  ( -5.000000000000000000, 1.084202172485504400E-016, 0.5400000000000000400 ) ) ;
#1861 = CARTESIAN_POINT ( 'NONE',  ( 0.0000000000000000000, 0.0000000000000000000, 1.000000000000000000 ) ) ;
#1862 = CYLINDRICAL_SURFACE ( 'NONE', #1917, 0.05100000000000004500 ) ;
#1863 = DIRECTION ( 'NONE',  ( 0.0000000000000000000, 0.0000000000000000000, -1.000000000000000000 ) ) ;
#1864 = FACE_OUTER_BOUND ( 'NONE', #1153, .T. ) ;
#1865 = PLANE ( 'NONE',  #2057 ) ;
#1866 = CARTESIAN_POINT ( 'NONE',  ( 0.0000000000000000000, 0.0000000000000000000, 0.08000000000000000200 ) ) ;
#1867 = DIRECTION ( 'NONE',  ( -1.000000000000000000, 0.0000000000000000000, 1.626303258728256700E-016 ) ) ;
#1868 = DIRECTION ( 'NONE',  ( 0.0000000000000000000, 0.0000000000000000000, 1.000000000000000000 ) ) ;
#1869 = DIRECTION ( 'NONE',  ( 1.000000000000000000, 0.0000000000000000000, -0.0000000000000000000 ) ) ;
#1870 = FACE_OUTER_BOUND ( 'NONE', #1057, .T. ) ;
#1871 = PLANE ( 'NONE',  #2054 ) ;
#1872 = DIRECTION ( 'NONE',  ( 7.228014483236695600E-016, 0.0000000000000000000, 1.000000000000000000 ) ) ;
#1873 = DIRECTION ( 'NONE',  ( 0.0000000000000000000, 0.0000000000000000000, -1.000000000000000000 ) ) ;
#1874 = DIRECTION ( 'NONE',  ( -1.000000000000000000, 0.0000000000000000000, -0.0000000000000000000 ) ) ;
#1875 = FACE_OUTER_BOUND ( 'NONE', #1058, .T. ) ;
#1876 = CARTESIAN_POINT ( 'NONE',  ( 1.000000000000000000, 0.0000000000000000000, 0.5399999999999992600 ) ) ;
#1877 = CYLINDRICAL_SURFACE ( 'NONE', #2019, 0.05100000000000004500 ) ;
#1878 = DIRECTION ( 'NONE',  ( 0.0000000000000000000, 0.0000000000000000000, 1.000000000000000000 ) ) ;
#1879 = FACE_OUTER_BOUND ( 'NONE', #1133, .T. ) ;
#1880 = CARTESIAN_POINT ( 'NONE',  ( -1.100000000000000500, 0.0000000000000000000, 0.6400000000000001200 ) ) ;
#1881 = DIRECTION ( 'NONE',  ( 7.228014483236695600E-016, 0.0000000000000000000, 1.000000000000000000 ) ) ;
#1882 = CYLINDRICAL_SURFACE ( 'NONE', #1950, 0.05100000000000004500 ) ;
#1883 = DIRECTION ( 'NONE',  ( 1.000000000000000000, 0.0000000000000000000, 0.0000000000000000000 ) ) ;
#1884 = FACE_OUTER_BOUND ( 'NONE', #1052, .T. ) ;
#1885 = CARTESIAN_POINT ( 'NONE',  ( -1.100000000000000500, 0.0000000000000000000, 0.6400000000000001200 ) ) ;
#1886 = DIRECTION ( 'NONE',  ( 0.0000000000000000000, 1.000000000000000000, 0.0000000000000000000 ) ) ;
#1887 = CYLINDRICAL_SURFACE ( 'NONE', #2027, 0.05100000000000004500 ) ;
#1888 = DIRECTION ( 'NONE',  ( 1.000000000000000000, 0.0000000000000000000, 0.0000000000000000000 ) ) ;
#1889 = FACE_OUTER_BOUND ( 'NONE', #1032, .T. ) ;
#1890 = CARTESIAN_POINT ( 'NONE',  ( -1.000000000000000000, 0.0000000000000000000, 0.6400000000000002400 ) ) ;
#1891 = LINE ( 'NONE', #386, #2012 ) ;
#1892 = DIRECTION ( 'NONE',  ( 0.0000000000000000000, 0.0000000000000000000, 1.000000000000000000 ) ) ;
#1893 = FACE_OUTER_BOUND ( 'NONE', #1067, .T. ) ;
#1894 = VECTOR ( 'NONE', #567, 1000.000000000000000 ) ;
#1895 = AXIS2_PLACEMENT_3D ( 'NONE', #1811, #1818, #1819 ) ;
#1896 = VECTOR ( 'NONE', #1612, 1000.000000000000000 ) ;
#1897 = CC_DESIGN_SECURITY_CLASSIFICATION ( #2018, ( #1954 ) ) ;
#1898 = AXIS2_PLACEMENT_3D ( 'NONE', #1332, #1333, #1334 ) ;
#1899 = VECTOR ( 'NONE', #1592, 1000.000000000000000 ) ;
#1900 = AXIS2_PLACEMENT_3D ( 'NONE', #1615, #1616, #1617 ) ;
#1901 = VECTOR ( 'NONE', #1371, 1000.000000000000000 ) ;
#1902 = VECTOR ( 'NONE', #579, 1000.000000000000000 ) ;
#1903 = CC_DESIGN_APPROVAL ( #2293, ( #1954 ) ) ;
#1904 = AXIS2_PLACEMENT_3D ( 'NONE', #1443, #1449, #1450 ) ;
#1905 = VECTOR ( 'NONE', #1668, 1000.000000000000000 ) ;
#1906 = VECTOR ( 'NONE', #1562, 1000.000000000000000 ) ;
#1907 = AXIS2_PLACEMENT_3D ( 'NONE', #1519, #1510, #1521 ) ;
#1908 = AXIS2_PLACEMENT_3D ( 'NONE', #1523, #1515, #1526 ) ;
#1909 = AXIS2_PLACEMENT_3D ( 'NONE', #564, #565, #566 ) ;
#1910 = VECTOR ( 'NONE', #597, 1000.000000000000000 ) ;
#1911 = VECTOR ( 'NONE', #1655, 1000.000000000000000 ) ;
#1912 = AXIS2_PLACEMENT_3D ( 'NONE', #1457, #1448, #1459 ) ;
#1913 = CIRCLE ( 'NONE', #1900, 0.6499999999999995800 ) ;
#1914 = VECTOR ( 'NONE', #1328, 1000.000000000000000 ) ;
#1915 = AXIS2_PLACEMENT_3D ( 'NONE', #1495, #1506, #1507 ) ;
#1916 = CIRCLE ( 'NONE', #2066, 0.1510000000000008600 ) ;
#1917 = AXIS2_PLACEMENT_3D ( 'NONE', #1860, #1856, #1863 ) ;
#1918 = VECTOR ( 'NONE', #594, 1000.000000000000000 ) ;
#1919 = VECTOR ( 'NONE', #726, 1000.000000000000000 ) ;
#1920 = CIRCLE ( 'NONE', #2016, 0.05100000000000004500 ) ;
#1921 = VECTOR ( 'NONE', #399, 1000.000000000000000 ) ;
#1922 = AXIS2_PLACEMENT_3D ( 'NONE', #1796, #1803, #1804 ) ;
#1923 = VECTOR ( 'NONE', #703, 1000.000000000000000 ) ;
#1924 = CIRCLE ( 'NONE', #1957, 0.6499999999999995800 ) ;
#1925 = AXIS2_PLACEMENT_3D ( 'NONE', #692, #683, #694 ) ;
#1926 = AXIS2_PLACEMENT_3D ( 'NONE', #1540, #1551, #1552 ) ;
#1927 = AXIS2_PLACEMENT_3D ( 'NONE', #1489, #1479, #1491 ) ;
#1928 = AXIS2_PLACEMENT_3D ( 'NONE', #1836, #1827, #1838 ) ;
#1929 = VECTOR ( 'NONE', #1568, 1000.000000000000000 ) ;
#1930 = CIRCLE ( 'NONE', #1990, 0.05100000000000004500 ) ;
#1931 = VECTOR ( 'NONE', #1338, 1000.000000000000000 ) ;
#1932 = AXIS2_PLACEMENT_3D ( 'NONE', #661, #616, #663 ) ;
#1933 = VECTOR ( 'NONE', #1753, 1000.000000000000000 ) ;
#1934 = VECTOR ( 'NONE', #555, 1000.000000000000000 ) ;
#1935 = AXIS2_PLACEMENT_3D ( 'NONE', #1462, #1469, #1470 ) ;
#1936 = AXIS2_PLACEMENT_3D ( 'NONE', #1494, #1501, #1502 ) ;
#1937 = AXIS2_PLACEMENT_3D ( 'NONE', #1473, #1463, #1475 ) ;
#1938 = CC_DESIGN_APPROVAL ( #2298, ( #2018 ) ) ;
#1939 = CIRCLE ( 'NONE', #2077, 0.5000000000000000000 ) ;
#1940 = AXIS2_PLACEMENT_3D ( 'NONE', #1539, #1546, #1547 ) ;
#1941 = CIRCLE ( 'NONE', #1992, 0.05100000000000004500 ) ;
#1942 = AXIS2_PLACEMENT_3D ( 'NONE', #1658, #1659, #1660 ) ;
#1943 = VECTOR ( 'NONE', #1560, 1000.000000000000000 ) ;
#1944 = VECTOR ( 'NONE', #1586, 1000.000000000000000 ) ;
#1945 = VECTOR ( 'NONE', #521, 1000.000000000000000 ) ;
#1946 = VECTOR ( 'NONE', #1572, 1000.000000000000000 ) ;
#1947 = CIRCLE ( 'NONE', #2007, 0.5999999999999998700 ) ;
#1948 = AXIS2_PLACEMENT_3D ( 'NONE', #1812, #1823, #1824 ) ;
#1949 = AXIS2_PLACEMENT_3D ( 'NONE', #1890, #1886, #1892 ) ;
#1950 = AXIS2_PLACEMENT_3D ( 'NONE', #1880, #1872, #1883 ) ;
#1951 = VECTOR ( 'NONE', #729, 1000.000000000000000 ) ;
#1952 = VECTOR ( 'NONE', #613, 1000.000000000000000 ) ;
#1953 = AXIS2_PLACEMENT_3D ( 'NONE', #1528, #1524, #1531 ) ;
#1954 = PRODUCT_DEFINITION_FORMATION_WITH_SPECIFIED_SOURCE ( '任何', '', #2300, .NOT_KNOWN. ) ;
#1955 = AXIS2_PLACEMENT_3D ( 'NONE', #1533, #1529, #1536 ) ;
#1956 = AXIS2_PLACEMENT_3D ( 'NONE', #1574, #1575, #1576 ) ;
#1957 = AXIS2_PLACEMENT_3D ( 'NONE', #600, #601, #602 ) ;
#1958 = AXIS2_PLACEMENT_3D ( 'NONE', #1806, #1797, #1808 ) ;
#1959 = VECTOR ( 'NONE', #710, 1000.000000000000000 ) ;
#1960 = AXIS2_PLACEMENT_3D ( 'NONE', #1716, #1717, #1718 ) ;
#1961 = LOCAL_TIME ( 8, 28, 52.00000000000000000, #800 ) ;
#1962 = AXIS2_PLACEMENT_3D ( 'NONE', #678, #689, #690 ) ;
#1963 = VECTOR ( 'NONE', #722, 1000.000000000000000 ) ;
#1964 = AXIS2_PLACEMENT_3D ( 'NONE', #588, #589, #590 ) ;
#1965 = VECTOR ( 'NONE', #615, 1000.000000000000000 ) ;
#1966 = AXIS2_PLACEMENT_3D ( 'NONE', #698, #688, #699 ) ;
#1967 = AXIS2_PLACEMENT_3D ( 'NONE', #1679, #1680, #1681 ) ;
#1968 = VECTOR ( 'NONE', #1666, 1000.000000000000000 ) ;
#1969 = AXIS2_PLACEMENT_3D ( 'NONE', #739, #740, #741 ) ;
#1970 = ORGANIZATION ( '未指定', '未指定', '' ) ;
#1971 = CIRCLE ( 'NONE', #1969, 0.05100000000000004500 ) ;
#1972 = LOCAL_TIME ( 8, 28, 52.00000000000000000, #782 ) ;
#1973 = AXIS2_PLACEMENT_3D ( 'NONE', #650, #653, #654 ) ;
#1974 = VECTOR ( 'NONE', #573, 1000.000000000000000 ) ;
#1975 = AXIS2_PLACEMENT_3D ( 'NONE', #1321, #1322, #1323 ) ;
#1976 = VECTOR ( 'NONE', #1378, 1000.000000000000000 ) ;
#1977 = VECTOR ( 'NONE', #1720, 1000.000000000000000 ) ;
#1978 = APPROVAL_PERSON_ORGANIZATION ( #797, #2298, #799 ) ;
#1979 = AXIS2_PLACEMENT_3D ( 'NONE', #1453, #1464, #1465 ) ;
#1980 = CIRCLE ( 'NONE', #1994, 0.5999999999999998700 ) ;
#1981 = AXIS2_PLACEMENT_3D ( 'NONE', #1802, #1813, #1814 ) ;
#1982 = AXIS2_PLACEMENT_3D ( 'NONE', #673, #679, #680 ) ;
#1983 = AXIS2_PLACEMENT_3D ( 'NONE', #1500, #1511, #1512 ) ;
#1984 = CIRCLE ( 'NONE', #2060, 0.04900000000000064700 ) ;
#1985 = VECTOR ( 'NONE', #732, 1000.000000000000000 ) ;
#1986 = CIRCLE ( 'NONE', #1967, 0.5000000000000000000 ) ;
#1987 = VECTOR ( 'NONE', #1663, 1000.000000000000000 ) ;
#1988 = CIRCLE ( 'NONE', #2076, 0.05100000000000004500 ) ;
#1989 = APPROVAL_PERSON_ORGANIZATION ( #766, #2286, #768 ) ;
#1990 = AXIS2_PLACEMENT_3D ( 'NONE', #742, #743, #744 ) ;
#1991 = VECTOR ( 'NONE', #570, 1000.000000000000000 ) ;
#1992 = AXIS2_PLACEMENT_3D ( 'NONE', #1316, #1317, #1318 ) ;
#1993 = AXIS2_PLACEMENT_3D ( 'NONE', #672, #666, #674 ) ;
#1994 = AXIS2_PLACEMENT_3D ( 'NONE', #1605, #1606, #1607 ) ;
#1995 = VECTOR ( 'NONE', #396, 1000.000000000000000 ) ;
#1996 = VECTOR ( 'NONE', #1565, 1000.000000000000000 ) ;
#1997 = AXIS2_PLACEMENT_3D ( 'NONE', #723, #724, #725 ) ;
#1998 = TOROIDAL_SURFACE ( 'NONE', #1949, 0.1000000000000007000, 0.05100000000000008700 ) ;
#1999 = CIRCLE ( 'NONE', #2038, 0.6499999999999998000 ) ;
#2000 = AXIS2_PLACEMENT_3D ( 'NONE', #706, #707, #708 ) ;
#2001 = AXIS2_PLACEMENT_3D ( 'NONE', #1490, #1496, #1497 ) ;
#2002 = VECTOR ( 'NONE', #561, 1000.000000000000000 ) ;
#2003 = AXIS2_PLACEMENT_3D ( 'NONE', #1785, #1788, #1789 ) ;
#2004 = VECTOR ( 'NONE', #1675, 1000.000000000000000 ) ;
#2005 = CIRCLE ( 'NONE', #1975, 0.05100000000000004500 ) ;
#2006 = AXIS2_PLACEMENT_3D ( 'NONE', #1855, #1851, #1858 ) ;
#2007 = AXIS2_PLACEMENT_3D ( 'NONE', #1374, #1375, #1376 ) ;
#2008 = AXIS2_PLACEMENT_3D ( 'NONE', #652, #658, #659 ) ;
#2009 = CIRCLE ( 'NONE', #2030, 0.6499999999999995800 ) ;
#2010 = AXIS2_PLACEMENT_3D ( 'NONE', #1478, #1485, #1486 ) ;
#2011 = AXIS2_PLACEMENT_3D ( 'NONE', #1411, #1454, #1455 ) ;
#2012 = VECTOR ( 'NONE', #387, 1000.000000000000000 ) ;
#2013 = VECTOR ( 'NONE', #582, 1000.000000000000000 ) ;
#2014 = AXIS2_PLACEMENT_3D ( 'NONE', #450, #451, #452 ) ;
#2015 = AXIS2_PLACEMENT_3D ( 'NONE', #1822, #1833, #1834 ) ;
#2016 = AXIS2_PLACEMENT_3D ( 'NONE', #1324, #1325, #1326 ) ;
#2017 = VECTOR ( 'NONE', #716, 1000.000000000000000 ) ;
#2018 = SECURITY_CLASSIFICATION ( '', '', #790 ) ;
#2019 = AXIS2_PLACEMENT_3D ( 'NONE', #1876, #1867, #1878 ) ;
#2020 = VECTOR ( 'NONE', #405, 1000.000000000000000 ) ;
#2021 = VECTOR ( 'NONE', #487, 1000.000000000000000 ) ;
#2022 = CIRCLE ( 'NONE', #1960, 0.5000000000000000000 ) ;
#2023 = VECTOR ( 'NONE', #390, 1000.000000000000000 ) ;
#2024 = VECTOR ( 'NONE', #609, 1000.000000000000000 ) ;
#2025 = AXIS2_PLACEMENT_3D ( 'NONE', #1505, #1516, #1517 ) ;
#2026 = VECTOR ( 'NONE', #607, 1000.000000000000000 ) ;
#2027 = AXIS2_PLACEMENT_3D ( 'NONE', #1885, #1881, #1888 ) ;
#2028 = VECTOR ( 'NONE', #603, 1000.000000000000000 ) ;
#2029 = VECTOR ( 'NONE', #558, 1000.000000000000000 ) ;
#2030 = AXIS2_PLACEMENT_3D ( 'NONE', #408, #409, #410 ) ;
#2031 = VECTOR ( 'NONE', #402, 1000.000000000000000 ) ;
#2032 = VECTOR ( 'NONE', #393, 1000.000000000000000 ) ;
#2033 = CIRCLE ( 'NONE', #2067, 0.1510000000000008600 ) ;
#2034 = CIRCLE ( 'NONE', #1997, 0.5000000000000000000 ) ;
#2035 = VECTOR ( 'NONE', #1671, 1000.000000000000000 ) ;
#2036 = VECTOR ( 'NONE', #649, 1000.000000000000000 ) ;
#2037 = AXIS2_PLACEMENT_3D ( 'NONE', #713, #714, #715 ) ;
#2038 = AXIS2_PLACEMENT_3D ( 'NONE', #576, #577, #578 ) ;
#2039 = VECTOR ( 'NONE', #1608, 1000.000000000000000 ) ;
#2040 = VECTOR ( 'NONE', #1661, 1000.000000000000000 ) ;
#2041 = AXIS2_PLACEMENT_3D ( 'NONE', #1441, #1444, #1445 ) ;
#2042 = AXIS2_PLACEMENT_3D ( 'NONE', #677, #684, #685 ) ;
#2043 = VECTOR ( 'NONE', #446, 1000.000000000000000 ) ;
#2044 = VECTOR ( 'NONE', #454, 1000.000000000000000 ) ;
#2045 = AXIS2_PLACEMENT_3D ( 'NONE', #1850, #1846, #1853 ) ;
#2046 = VECTOR ( 'NONE', #735, 1000.000000000000000 ) ;
#2047 = VECTOR ( 'NONE', #1582, 1000.000000000000000 ) ;
#2048 = CIRCLE ( 'NONE', #1909, 0.6499999999999993600 ) ;
#2049 = AXIS2_PLACEMENT_3D ( 'NONE', #1817, #1828, #1829 ) ;
#2050 = VECTOR ( 'NONE', #585, 1000.000000000000000 ) ;
#2051 = AXIS2_PLACEMENT_3D ( 'NONE', #1791, #1787, #1793 ) ;
#2052 = LOCAL_TIME ( 8, 28, 52.00000000000000000, #793 ) ;
#2053 =( GEOMETRIC_REPRESENTATION_CONTEXT ( 3 ) GLOBAL_UNCERTAINTY_ASSIGNED_CONTEXT ( ( #1241 ) ) GLOBAL_UNIT_ASSIGNED_CONTEXT ( ( #754, #755, #756 ) ) REPRESENTATION_CONTEXT ( 'NONE', 'WORKASPACE' ) );
#2054 = AXIS2_PLACEMENT_3D ( 'NONE', #1866, #1873, #1874 ) ;
#2055 = CIRCLE ( 'NONE', #1942, 0.5999999999999998700 ) ;
#2056 = CIRCLE ( 'NONE', #2000, 0.5000000000000000000 ) ;
#2057 = AXIS2_PLACEMENT_3D ( 'NONE', #1861, #1868, #1869 ) ;
#2058 = CIRCLE ( 'NONE', #2014, 0.6499999999999998000 ) ;
#2059 = AXIS2_PLACEMENT_3D ( 'NONE', #1845, #1841, #1848 ) ;
#2060 = AXIS2_PLACEMENT_3D ( 'NONE', #745, #746, #747 ) ;
#2061 = CIRCLE ( 'NONE', #1898, 0.6499999999999998000 ) ;
#2062 = VECTOR ( 'NONE', #1336, 1000.000000000000000 ) ;
#2063 = AXIS2_PLACEMENT_3D ( 'NONE', #1755, #1798, #1799 ) ;
#2064 = AXIS2_PLACEMENT_3D ( 'NONE', #760, #761, #762 ) ;
#2065 = LOCAL_TIME ( 8, 28, 52.00000000000000000, #775 ) ;
#2066 = AXIS2_PLACEMENT_3D ( 'NONE', #751, #752, #753 ) ;
#2067 = AXIS2_PLACEMENT_3D ( 'NONE', #736, #737, #738 ) ;
#2068 = LOCAL_TIME ( 8, 28, 52.00000000000000000, #769 ) ;
#2069 = VECTOR ( 'NONE', #1713, 1000.000000000000000 ) ;
#2070 = APPROVAL_PERSON_ORGANIZATION ( #779, #2293, #781 ) ;
#2071 = CIRCLE ( 'NONE', #2037, 0.5000000000000000000 ) ;
#2072 = VECTOR ( 'NONE', #413, 1000.000000000000000 ) ;
#2073 = VECTOR ( 'NONE', #1583, 1000.000000000000000 ) ;
#2074 = CIRCLE ( 'NONE', #1964, 0.6499999999999995800 ) ;
#2075 = AXIS2_PLACEMENT_3D ( 'NONE', #1840, #1832, #1843 ) ;
#2076 = AXIS2_PLACEMENT_3D ( 'NONE', #748, #749, #750 ) ;
#2077 = AXIS2_PLACEMENT_3D ( 'NONE', #718, #719, #720 ) ;
#2078 = CC_DESIGN_APPROVAL ( #2286, ( #2285 ) ) ;
#2079 = VECTOR ( 'NONE', #1589, 1000.000000000000000 ) ;
#2080 = AXIS2_PLACEMENT_3D ( 'NONE', #1474, #1480, #1481 ) ;
#2081 = VECTOR ( 'NONE', #591, 1000.000000000000000 ) ;
#2082 = AXIS2_PLACEMENT_3D ( 'NONE', #1534, #1541, #1542 ) ;
#2083 = AXIS2_PLACEMENT_3D ( 'NONE', #657, #668, #669 ) ;
#2084 = VECTOR ( 'NONE', #1618, 1000.000000000000000 ) ;
#2085 = VECTOR ( 'NONE', #1652, 1000.000000000000000 ) ;
#2086 = VECTOR ( 'NONE', #385, 1000.000000000000000 ) ;
#2087 = AXIS2_PLACEMENT_3D ( 'NONE', #1545, #1555, #1556 ) ;
#2088 = CARTESIAN_POINT ( 'NONE',  ( -0.7500000000000439600, 4.854139847571990700E-014, 0.5910000000004301800 ) ) ;
#2089 = CARTESIAN_POINT ( 'NONE',  ( -0.2500000000000000000, 0.5000000000000000000, 0.2899999999999999800 ) ) ;
#2090 = CARTESIAN_POINT ( 'NONE',  ( -0.7500000000000266500, -5.930545721292030400E-014, 0.4889999999997389800 ) ) ;
#2091 = CARTESIAN_POINT ( 'NONE',  ( -1.550000000000000300, 0.8000000000000001600, 0.07999999999999998800 ) ) ;
#2092 = CARTESIAN_POINT ( 'NONE',  ( -0.9500000000000000700, -2.412831099714667200E-017, 1.000000000000000000 ) ) ;
#2093 = CARTESIAN_POINT ( 'NONE',  ( -0.2500000000000000000, 0.5000000000000000000, 0.7900000000000000400 ) ) ;
#2094 = CARTESIAN_POINT ( 'NONE',  ( -1.049000000000000400, 0.0000000000000000000, 0.6400000000000001200 ) ) ;
#2095 = CARTESIAN_POINT ( 'NONE',  ( 1.049000000000000600, 6.245698675651517600E-018, 0.9400000000000000600 ) ) ;
#2096 = VERTEX_POINT ( 'NONE', #171 ) ;
#2097 = VERTEX_POINT ( 'NONE', #177 ) ;
#2098 = VERTEX_POINT ( 'NONE', #180 ) ;
#2099 = VERTEX_POINT ( 'NONE', #181 ) ;
#2100 = VERTEX_POINT ( 'NONE', #182 ) ;
#2101 = VERTEX_POINT ( 'NONE', #179 ) ;
#2102 = VERTEX_POINT ( 'NONE', #183 ) ;
#2103 = VERTEX_POINT ( 'NONE', #172 ) ;
#2104 = VERTEX_POINT ( 'NONE', #184 ) ;
#2105 = VERTEX_POINT ( 'NONE', #185 ) ;
#2106 = VERTEX_POINT ( 'NONE', #186 ) ;
#2107 = VERTEX_POINT ( 'NONE', #187 ) ;
#2108 = VERTEX_POINT ( 'NONE', #188 ) ;
#2109 = VERTEX_POINT ( 'NONE', #189 ) ;
#2110 = VERTEX_POINT ( 'NONE', #190 ) ;
#2111 = VERTEX_POINT ( 'NONE', #191 ) ;
#2112 = VERTEX_POINT ( 'NONE', #192 ) ;
#2113 = VERTEX_POINT ( 'NONE', #193 ) ;
#2114 = VERTEX_POINT ( 'NONE', #194 ) ;
#2115 = VERTEX_POINT ( 'NONE', #195 ) ;
#2116 = VERTEX_POINT ( 'NONE', #196 ) ;
#2117 = VERTEX_POINT ( 'NONE', #197 ) ;
#2118 = VERTEX_POINT ( 'NONE', #198 ) ;
#2119 = VERTEX_POINT ( 'NONE', #199 ) ;
#2120 = VERTEX_POINT ( 'NONE', #200 ) ;
#2121 = VERTEX_POINT ( 'NONE', #201 ) ;
#2122 = VERTEX_POINT ( 'NONE', #202 ) ;
#2123 = VERTEX_POINT ( 'NONE', #203 ) ;
#2124 = VERTEX_POINT ( 'NONE', #204 ) ;
#2125 = VERTEX_POINT ( 'NONE', #205 ) ;
#2126 = VERTEX_POINT ( 'NONE', #206 ) ;
#2127 = VERTEX_POINT ( 'NONE', #207 ) ;
#2128 = VERTEX_POINT ( 'NONE', #208 ) ;
#2129 = VERTEX_POINT ( 'NONE', #209 ) ;
#2130 = VERTEX_POINT ( 'NONE', #210 ) ;
#2131 = VERTEX_POINT ( 'NONE', #211 ) ;
#2132 = VERTEX_POINT ( 'NONE', #212 ) ;
#2133 = VERTEX_POINT ( 'NONE', #213 ) ;
#2134 = VERTEX_POINT ( 'NONE', #214 ) ;
#2135 = VERTEX_POINT ( 'NONE', #215 ) ;
#2136 = VERTEX_POINT ( 'NONE', #216 ) ;
#2137 = VERTEX_POINT ( 'NONE', #217 ) ;
#2138 = VERTEX_POINT ( 'NONE', #218 ) ;
#2139 = VERTEX_POINT ( 'NONE', #219 ) ;
#2140 = VERTEX_POINT ( 'NONE', #220 ) ;
#2141 = VERTEX_POINT ( 'NONE', #221 ) ;
#2142 = VERTEX_POINT ( 'NONE', #222 ) ;
#2143 = VERTEX_POINT ( 'NONE', #223 ) ;
#2144 = VERTEX_POINT ( 'NONE', #224 ) ;
#2145 = VERTEX_POINT ( 'NONE', #225 ) ;
#2146 = VERTEX_POINT ( 'NONE', #226 ) ;
#2147 = VERTEX_POINT ( 'NONE', #227 ) ;
#2148 = VERTEX_POINT ( 'NONE', #228 ) ;
#2149 = VERTEX_POINT ( 'NONE', #229 ) ;
#2150 = VERTEX_POINT ( 'NONE', #230 ) ;
#2151 = VERTEX_POINT ( 'NONE', #231 ) ;
#2152 = VERTEX_POINT ( 'NONE', #232 ) ;
#2153 = VERTEX_POINT ( 'NONE', #233 ) ;
#2154 = VERTEX_POINT ( 'NONE', #234 ) ;
#2155 = VERTEX_POINT ( 'NONE', #235 ) ;
#2156 = VERTEX_POINT ( 'NONE', #236 ) ;
#2157 = VERTEX_POINT ( 'NONE', #237 ) ;
#2158 = VERTEX_POINT ( 'NONE', #238 ) ;
#2159 = VERTEX_POINT ( 'NONE', #239 ) ;
#2160 = VERTEX_POINT ( 'NONE', #240 ) ;
#2161 = VERTEX_POINT ( 'NONE', #241 ) ;
#2162 = VERTEX_POINT ( 'NONE', #242 ) ;
#2163 = VERTEX_POINT ( 'NONE', #243 ) ;
#2164 = VERTEX_POINT ( 'NONE', #244 ) ;
#2165 = VERTEX_POINT ( 'NONE', #245 ) ;
#2166 = VERTEX_POINT ( 'NONE', #246 ) ;
#2167 = VERTEX_POINT ( 'NONE', #247 ) ;
#2168 = VERTEX_POINT ( 'NONE', #248 ) ;
#2169 = ORIENTED_EDGE ( 'NONE', *, *, #2502, .T. ) ;
#2170 = ORIENTED_EDGE ( 'NONE', *, *, #2500, .T. ) ;
#2171 = ORIENTED_EDGE ( 'NONE', *, *, #2501, .T. ) ;
#2172 = ORIENTED_EDGE ( 'NONE', *, *, #2480, .T. ) ;
#2173 = ORIENTED_EDGE ( 'NONE', *, *, #2490, .T. ) ;
#2174 = ORIENTED_EDGE ( 'NONE', *, *, #2491, .T. ) ;
#2175 = ORIENTED_EDGE ( 'NONE', *, *, #2484, .F. ) ;
#2176 = ORIENTED_EDGE ( 'NONE', *, *, #2482, .T. ) ;
#2177 = ORIENTED_EDGE ( 'NONE', *, *, #2485, .F. ) ;
#2178 = ORIENTED_EDGE ( 'NONE', *, *, #2483, .T. ) ;
#2179 = ORIENTED_EDGE ( 'NONE', *, *, #2486, .F. ) ;
#2180 = ORIENTED_EDGE ( 'NONE', *, *, #2488, .T. ) ;
#2181 = ORIENTED_EDGE ( 'NONE', *, *, #2487, .T. ) ;
#2182 = ORIENTED_EDGE ( 'NONE', *, *, #2489, .F. ) ;
#2183 = ORIENTED_EDGE ( 'NONE', *, *, #2487, .F. ) ;
#2184 = ORIENTED_EDGE ( 'NONE', *, *, #2482, .F. ) ;
#2185 = ORIENTED_EDGE ( 'NONE', *, *, #2489, .T. ) ;
#2186 = ORIENTED_EDGE ( 'NONE', *, *, #2492, .T. ) ;
#2187 = ORIENTED_EDGE ( 'NONE', *, *, #2499, .T. ) ;
#2188 = ORIENTED_EDGE ( 'NONE', *, *, #2493, .T. ) ;
#2189 = ORIENTED_EDGE ( 'NONE', *, *, #2494, .T. ) ;
#2190 = ORIENTED_EDGE ( 'NONE', *, *, #2498, .T. ) ;
#2191 = ORIENTED_EDGE ( 'NONE', *, *, #2484, .T. ) ;
#2192 = ORIENTED_EDGE ( 'NONE', *, *, #2497, .T. ) ;
#2193 = ORIENTED_EDGE ( 'NONE', *, *, #2496, .T. ) ;
#2194 = ORIENTED_EDGE ( 'NONE', *, *, #2495, .T. ) ;
#2195 = ORIENTED_EDGE ( 'NONE', *, *, #2491, .F. ) ;
#2196 = ORIENTED_EDGE ( 'NONE', *, *, #2509, .T. ) ;
#2197 = ORIENTED_EDGE ( 'NONE', *, *, #2481, .F. ) ;
#2198 = ORIENTED_EDGE ( 'NONE', *, *, #2506, .F. ) ;
#2199 = ORIENTED_EDGE ( 'NONE', *, *, #2512, .T. ) ;
#2200 = ORIENTED_EDGE ( 'NONE', *, *, #2485, .T. ) ;
#2201 = ORIENTED_EDGE ( 'NONE', *, *, #2483, .F. ) ;
#2202 = ORIENTED_EDGE ( 'NONE', *, *, #2513, .F. ) ;
#2203 = ORIENTED_EDGE ( 'NONE', *, *, #2508, .T. ) ;
#2204 = ORIENTED_EDGE ( 'NONE', *, *, #2505, .F. ) ;
#2205 = ORIENTED_EDGE ( 'NONE', *, *, #2501, .F. ) ;
#2206 = ORIENTED_EDGE ( 'NONE', *, *, #2495, .F. ) ;
#2207 = ORIENTED_EDGE ( 'NONE', *, *, #2493, .F. ) ;
#2208 = ORIENTED_EDGE ( 'NONE', *, *, #2486, .T. ) ;
#2209 = ORIENTED_EDGE ( 'NONE', *, *, #2511, .T. ) ;
#2210 = ORIENTED_EDGE ( 'NONE', *, *, #2363, .T. ) ;
#2211 = ORIENTED_EDGE ( 'NONE', *, *, #2524, .T. ) ;
#2212 = ORIENTED_EDGE ( 'NONE', *, *, #2494, .F. ) ;
#2213 = ORIENTED_EDGE ( 'NONE', *, *, #2509, .F. ) ;
#2214 = ORIENTED_EDGE ( 'NONE', *, *, #2502, .F. ) ;
#2215 = ORIENTED_EDGE ( 'NONE', *, *, #2504, .T. ) ;
#2216 = ORIENTED_EDGE ( 'NONE', *, *, #2510, .T. ) ;
#2217 = ORIENTED_EDGE ( 'NONE', *, *, #2511, .F. ) ;
#2218 = ORIENTED_EDGE ( 'NONE', *, *, #2498, .F. ) ;
#2219 = ORIENTED_EDGE ( 'NONE', *, *, #2503, .F. ) ;
#2220 = ORIENTED_EDGE ( 'NONE', *, *, #2513, .T. ) ;
#2221 = ORIENTED_EDGE ( 'NONE', *, *, #2508, .F. ) ;
#2222 = ORIENTED_EDGE ( 'NONE', *, *, #2504, .F. ) ;
#2223 = ORIENTED_EDGE ( 'NONE', *, *, #2524, .F. ) ;
#2224 = B_SPLINE_CURVE_WITH_KNOTS ( 'NONE', 3,
 ( #345, #351, #350, #344, #343, #342, #341, #340, #339, #338, #337, #336, #335, #334, #333, #332, #331, #330, #329, #328, #327, #326, #325, #324, #323, #322, #321, #320, #319, #318, #317 ),
 .UNSPECIFIED., .F., .F.,
 ( 4, 3, 3, 3, 3, 3, 3, 3, 3, 3, 4 ),
 ( 8.055934768332982300E-017, 1.708999513804719400E-005, 3.417738019718624200E-005, 5.130394127384416000E-005, 6.845785233383081900E-005, 8.556932551698448200E-005, 0.0001026347749428544300, 0.0001197224332365933300, 0.0001368657800260433300, 0.0001540115907324420600, 0.0001595211783513882700 ),
 .UNSPECIFIED. ) ;
#2225 = B_SPLINE_CURVE_WITH_KNOTS ( 'NONE', 3,
 ( #306, #312, #315, #304, #303, #302, #301, #300, #299, #298, #297, #296, #295, #294, #293, #292, #291, #290, #289, #288, #287, #286, #285, #284, #283, #282, #281, #280, #279, #2387, #2386 ),
 .UNSPECIFIED., .F., .F.,
 ( 4, 3, 3, 3, 3, 3, 3, 3, 3, 3, 4 ),
 ( 7.420867686448513100E-017, 1.709506409571404200E-005, 3.418790093900112000E-005, 5.131416342819840000E-005, 6.846367540693964400E-005, 8.557700485125261600E-005, 0.0001026511693090712200, 0.0001197443044042965800, 0.0001368848714723044100, 0.0001540274543515451800, 0.0001595105199736135100 ),
 .UNSPECIFIED. ) ;
#2226 = B_SPLINE_CURVE_WITH_KNOTS ( 'NONE', 3,
 ( #38, #37, #46, #47, #48, #49, #50, #51, #52, #53, #54, #55, #56, #57, #58, #59, #60, #61, #62, #63, #64, #65, #66, #67, #68, #69, #70, #71, #72, #73, #74 ),
 .UNSPECIFIED., .F., .F.,
 ( 4, 3, 3, 3, 3, 3, 3, 3, 3, 3, 4 ),
 ( 0.0001595211783513882700, 0.0001711029285634432800, 0.0001881678995297601800, 0.0002052752268587103000, 0.0002224281337963875400, 0.0002395586263245322900, 0.0002566333272229185000, 0.0002737060905435464800, 0.0002908335751004024100, 0.0003079872554501157200, 0.0003190053343851720300 ),
 .UNSPECIFIED. ) ;
#2227 = B_SPLINE_CURVE_WITH_KNOTS ( 'NONE', 3,
 ( #84, #85, #91, #92, #93, #94, #95, #96, #97, #98, #99, #100, #101, #102, #103, #104, #105, #106, #107, #108, #109, #110, #111, #112, #113, #114, #115, #116, #117, #118, #119 ),
 .UNSPECIFIED., .F., .F.,
 ( 4, 3, 3, 3, 3, 3, 3, 3, 3, 3, 4 ),
 ( 0.0001595105199736135100, 0.0001711235877846581800, 0.0001881973208031700300, 0.0002053072764213600900, 0.0002224559849561411800, 0.0002395854319877166800, 0.0002566674016693129100, 0.0002737478912544234200, 0.0002908750493782420600, 0.0003080243466405481400, 0.0003189841711426342100 ),
 .UNSPECIFIED. ) ;
#2228 = B_SPLINE_CURVE_WITH_KNOTS ( 'NONE', 3,
 ( #1335, #1329, #1340, #1341, #1342, #1343, #1344, #1345, #1346, #1347, #1348, #1349, #1350, #1351, #1352, #1353, #1354, #1355, #1356, #1357, #1358, #1359, #1360, #1361, #1362, #1363, #1364, #1365, #1366, #1367, #1368 ),
 .UNSPECIFIED., .F., .F.,
 ( 4, 3, 3, 3, 3, 3, 3, 3, 3, 3, 4 ),
 ( 8.055949993543388000E-017, 1.708999513804719400E-005, 3.417738019718625600E-005, 5.130394127384415300E-005, 6.845785233383083200E-005, 8.556932551698448200E-005, 0.0001026347749428543200, 0.0001197224332365932600, 0.0001368657800260433600, 0.0001540115907324420300, 0.0001595211783513884300 ),
 .UNSPECIFIED. ) ;
#2229 = B_SPLINE_CURVE_WITH_KNOTS ( 'NONE', 3,
 ( #1377, #1372, #1381, #1382, #1383, #1384, #1385, #1386, #1387, #1388, #1389, #1390, #1391, #1392, #1393, #1394, #1395, #1396, #1397, #1398, #1399, #1400, #1401, #1402, #1403, #1404, #1405, #1406, #1407, #1408, #1409 ),
 .UNSPECIFIED., .F., .F.,
 ( 4, 3, 3, 3, 3, 3, 3, 3, 3, 3, 4 ),
 ( 0.0001595105199736136400, 0.0001711235877846582100, 0.0001881973208031700800, 0.0002053072764213600900, 0.0002224559849561412100, 0.0002395854319877167100, 0.0002566674016693128000, 0.0002737478912544234200, 0.0002908750493782420600, 0.0003080243466405481400, 0.0003189841711426342100 ),
 .UNSPECIFIED. ) ;
#2230 = B_SPLINE_CURVE_WITH_KNOTS ( 'NONE', 3,
 ( #1379, #1380, #1412, #1413, #1414, #1415, #1416, #1417, #1418, #1419, #1420, #1421, #1422, #1423, #1424, #1425, #1426, #1427, #1428, #1429, #1430, #1431, #1432, #1433, #1434, #1435, #1436, #1437, #1438, #1439, #1440 ),
 .UNSPECIFIED., .F., .F.,
 ( 4, 3, 3, 3, 3, 3, 3, 3, 3, 3, 4 ),
 ( 0.0001595211783513884300, 0.0001711029285634433000, 0.0001881678995297602100, 0.0002052752268587102700, 0.0002224281337963874800, 0.0002395586263245324000, 0.0002566333272229186100, 0.0002737060905435465900, 0.0002908335751004025200, 0.0003079872554501159400, 0.0003190053343851721900 ),
 .UNSPECIFIED. ) ;
#2231 = B_SPLINE_CURVE_WITH_KNOTS ( 'NONE', 3,
 ( #1613, #1614, #1621, #1622, #1623, #1624, #1625, #1626, #1627, #1628, #1629, #1630, #1631, #1632, #1633, #1634, #1635, #1636, #1637, #1638, #1639, #1640, #1641, #1642, #1643, #1644, #1645, #1646, #1647, #1648, #1649 ),
 .UNSPECIFIED., .F., .F.,
 ( 4, 3, 3, 3, 3, 3, 3, 3, 3, 3, 4 ),
 ( 7.421422848679647700E-017, 1.709506409571404500E-005, 3.418790093900111300E-005, 5.131416342819838000E-005, 6.846367540693963000E-005, 8.557700485125271100E-005, 0.0001026511693090712200, 0.0001197443044042966100, 0.0001368848714723044600, 0.0001540274543515452300, 0.0001595105199736136400 ),
 .UNSPECIFIED. ) ;
#2232 = B_SPLINE_CURVE_WITH_KNOTS ( 'NONE', 3,
 ( #1676, #1677, #1683, #1684, #1685, #1686, #1687, #1688, #1689, #1690, #1691, #1692, #1693, #1694, #1695, #1696, #1697, #1698, #1699, #1700, #1701, #1702, #1703, #1704, #1705, #1706, #1707, #1708, #1709, #1710, #1711 ),
 .UNSPECIFIED., .F., .F.,
 ( 4, 3, 3, 3, 3, 3, 3, 3, 3, 3, 4 ),
 ( 0.0001595529399279388500, 0.0001710417253126787600, 0.0001880806781190563800, 0.0002051799613807192200, 0.0002223452939322578600, 0.0002394791730603473200, 0.0002565324100960605900, 0.0002735819982795848700, 0.0002907101665712144100, 0.0003078769653266289700, 0.0003190684027990583600 ),
 .UNSPECIFIED. ) ;
#2233 = B_SPLINE_CURVE_WITH_KNOTS ( 'NONE', 3,
 ( #1719, #1714, #1723, #1724, #1725, #1726, #1727, #1728, #1729, #1730, #1731, #1732, #1733, #1734, #1735, #1736, #1737, #1738, #1739, #1740, #1741, #1742, #1743, #1744, #1745, #1746, #1747, #1748, #1749, #1750, #1751 ),
 .UNSPECIFIED., .F., .F.,
 ( 4, 3, 3, 3, 3, 3, 3, 3, 3, 3, 4 ),
 ( 1.026735680547313800E-016, 1.707494179968463900E-005, 3.414614151229462100E-005, 5.127352928706577700E-005, 6.844057502886784000E-005, 8.554662424883999500E-005, 0.0001025861449139417900, 0.0001196574096914316100, 0.0001368089581570239700, 0.0001539644749965405300, 0.0001595529399279388500 ),
 .UNSPECIFIED. ) ;
#2234 = B_SPLINE_CURVE_WITH_KNOTS ( 'NONE', 3,
 ( #1715, #1721, #1756, #1757, #1758, #1759, #1760, #1761, #1762, #1763, #1764, #1765, #1766, #1767, #1768, #1769, #1770, #1771, #1772, #1773, #1774, #1775, #1776, #1777, #1778, #1779, #1780, #1781, #1782, #1783, #1784 ),
 .UNSPECIFIED., .F., .F.,
 ( 4, 3, 3, 3, 3, 3, 3, 3, 3, 3, 4 ),
 ( 7.420867686448513100E-017, 1.709506409571404200E-005, 3.418790093900112000E-005, 5.131416342819840000E-005, 6.846367540693964400E-005, 8.557700485125261600E-005, 0.0001026511693090712200, 0.0001197443044042965800, 0.0001368848714723044100, 0.0001540274543515451800, 0.0001595105199736135100 ),
 .UNSPECIFIED. ) ;
#2235 = B_SPLINE_CURVE_WITH_KNOTS ( 'NONE', 3,
 ( #411, #406, #415, #416, #417, #418, #419, #420, #421, #422, #423, #424, #425, #426, #427, #428, #429, #430, #431, #432, #433, #434, #435, #436, #437, #438, #439, #440, #441, #442, #443 ),
 .UNSPECIFIED., .F., .F.,
 ( 4, 3, 3, 3, 3, 3, 3, 3, 3, 3, 4 ),
 ( 7.421422848679647700E-017, 1.709506409571404500E-005, 3.418790093900111300E-005, 5.131416342819838700E-005, 6.846367540693963000E-005, 8.557700485125271100E-005, 0.0001026511693090712200, 0.0001197443044042966100, 0.0001368848714723044600, 0.0001540274543515452300, 0.0001595105199736135100 ),
 .UNSPECIFIED. ) ;
#2236 = B_SPLINE_CURVE_WITH_KNOTS ( 'NONE', 3,
 ( #453, #448, #456, #457, #458, #459, #460, #461, #462, #463, #464, #465, #466, #467, #468, #469, #470, #471, #472, #473, #474, #475, #476, #477, #478, #479, #480, #481, #482, #483, #484 ),
 .UNSPECIFIED., .F., .F.,
 ( 4, 3, 3, 3, 3, 3, 3, 3, 3, 3, 4 ),
 ( 0.0001595105199736135100, 0.0001711235877846582100, 0.0001881973208031700800, 0.0002053072764213600900, 0.0002224559849561412100, 0.0002395854319877167100, 0.0002566674016693128000, 0.0002737478912544234200, 0.0002908750493782420600, 0.0003080243466405481400, 0.0003189841711426342100 ),
 .UNSPECIFIED. ) ;
#2237 = B_SPLINE_CURVE_WITH_KNOTS ( 'NONE', 3,
 ( #486, #447, #489, #490, #491, #492, #493, #494, #495, #496, #497, #498, #499, #500, #501, #502, #503, #504, #505, #506, #507, #508, #509, #510, #511, #512, #513, #514, #515, #516, #517 ),
 .UNSPECIFIED., .F., .F.,
 ( 4, 3, 3, 3, 3, 3, 3, 3, 3, 3, 4 ),
 ( 0.0001595529399279388200, 0.0001710417253126787600, 0.0001880806781190563200, 0.0002051799613807191700, 0.0002223452939322578100, 0.0002394791730603472600, 0.0002565324100960605900, 0.0002735819982795848200, 0.0002907101665712144100, 0.0003078769653266288600, 0.0003190684027990582000 ),
 .UNSPECIFIED. ) ;
#2238 = B_SPLINE_CURVE_WITH_KNOTS ( 'NONE', 3,
 ( #519, #488, #524, #525, #526, #527, #528, #529, #530, #531, #532, #533, #534, #535, #536, #537, #538, #539, #540, #541, #542, #543, #544, #545, #546, #547, #548, #549, #550, #551, #552 ),
 .UNSPECIFIED., .F., .F.,
 ( 4, 3, 3, 3, 3, 3, 3, 3, 3, 3, 4 ),
 ( 1.026725033382014200E-016, 1.707494179968463900E-005, 3.414614151229462100E-005, 5.127352928706577700E-005, 6.844057502886784000E-005, 8.554662424883999500E-005, 0.0001025861449139417900, 0.0001196574096914316100, 0.0001368089581570239700, 0.0001539644749965405300, 0.0001595529399279388200 ),
 .UNSPECIFIED. ) ;
#2239 = B_SPLINE_CURVE_WITH_KNOTS ( 'NONE', 3,
 ( #611, #605, #617, #618, #619, #620, #621, #622, #623, #624, #625, #626, #627, #628, #629, #630, #631, #632, #633, #634, #635, #636, #637, #638, #639, #640, #641, #642, #643, #644, #645 ),
 .UNSPECIFIED., .F., .F.,
 ( 4, 3, 3, 3, 3, 3, 3, 3, 3, 3, 4 ),
 ( 0.0001595105199736135100, 0.0001711235877846581800, 0.0001881973208031700300, 0.0002053072764213600900, 0.0002224559849561411800, 0.0002395854319877166800, 0.0002566674016693129100, 0.0002737478912544234200, 0.0002908750493782420600, 0.0003080243466405481400, 0.0003189841711426342100 ),
 .UNSPECIFIED. ) ;
#2240 = PLANE ( 'NONE',  #1220 ) ;
#2241 = DIRECTION ( 'NONE',  ( -0.0000000000000000000, -0.0000000000000000000, 1.000000000000000000 ) ) ;
#2242 = CARTESIAN_POINT ( 'NONE',  ( -0.2500000000000001100, 0.0000000000000000000, 0.2899999999999999800 ) ) ;
#2243 = CARTESIAN_POINT ( 'NONE',  ( -1.100000000000000300, 0.0000000000000000000, 0.9400000000000001700 ) ) ;
#2244 = CARTESIAN_POINT ( 'NONE',  ( 1.100000000000000800, 0.0000000000000000000, 0.6400000000000000100 ) ) ;
#2245 = DIRECTION ( 'NONE',  ( 0.0000000000000000000, 0.0000000000000000000, 1.000000000000000000 ) ) ;
#2246 = PLANE ( 'NONE',  #1218 ) ;
#2247 = FACE_OUTER_BOUND ( 'NONE', #1136, .T. ) ;
#2248 = FACE_OUTER_BOUND ( 'NONE', #1107, .T. ) ;
#2249 = DIRECTION ( 'NONE',  ( -1.000000000000000000, 0.0000000000000000000, -1.224646799147353200E-016 ) ) ;
#2250 = FACE_OUTER_BOUND ( 'NONE', #1128, .T. ) ;
#2251 = DIRECTION ( 'NONE',  ( 1.000000000000000000, 0.0000000000000000000, 0.0000000000000000000 ) ) ;
#2252 = CYLINDRICAL_SURFACE ( 'NONE', #1227, 0.05100000000000004500 ) ;
#2253 = DIRECTION ( 'NONE',  ( 1.000000000000000000, 0.0000000000000000000, -0.0000000000000000000 ) ) ;
#2254 = DIRECTION ( 'NONE',  ( 1.224646799147353200E-016, 0.0000000000000000000, -1.000000000000000000 ) ) ;
#2255 = CARTESIAN_POINT ( 'NONE',  ( -1.000000000000000000, 0.0000000000000000000, 0.6400000000000002400 ) ) ;
#2256 = CYLINDRICAL_SURFACE ( 'NONE', #1216, 0.05100000000000004500 ) ;
#2257 = DIRECTION ( 'NONE',  ( -1.000000000000000000, 0.0000000000000000000, 1.626303258728256700E-016 ) ) ;
#2258 = FACE_OUTER_BOUND ( 'NONE', #974, .T. ) ;
#2259 = CARTESIAN_POINT ( 'NONE',  ( 1.000000000000000000, 0.0000000000000000000, 0.5399999999999992600 ) ) ;
#2260 = DIRECTION ( 'NONE',  ( 0.0000000000000000000, 0.0000000000000000000, 1.000000000000000000 ) ) ;
#2261 = APPLICATION_CONTEXT ( 'configuration controlled 3d designs of mechanical parts and assemblies' ) ;
#2262 = APPLICATION_CONTEXT ( 'configuration controlled 3d designs of mechanical parts and assemblies' ) ;
#2263 = CARTESIAN_POINT ( 'NONE',  ( 1.100000000000000800, 0.0000000000000000000, 0.6400000000000000100 ) ) ;
#2264 = EDGE_CURVE ( 'NONE', #900, #897, #2429, .T. ) ;
#2265 = EDGE_CURVE ( 'NONE', #917, #897, #2427, .T. ) ;
#2266 = EDGE_CURVE ( 'NONE', #905, #896, #253, .T. ) ;
#2267 = EDGE_CURVE ( 'NONE', #902, #896, #2434, .T. ) ;
#2268 = EDGE_CURVE ( 'NONE', #924, #902, #261, .T. ) ;
#2269 = EDGE_CURVE ( 'NONE', #899, #898, #260, .T. ) ;
#2270 = EDGE_CURVE ( 'NONE', #895, #917, #259, .T. ) ;
#2271 = EDGE_CURVE ( 'NONE', #900, #941, #265, .T. ) ;
#2272 = EDGE_CURVE ( 'NONE', #941, #901, #2424, .T. ) ;
#2273 = EDGE_CURVE ( 'NONE', #897, #901, #273, .T. ) ;
#2274 = EDGE_CURVE ( 'NONE', #897, #900, #2423, .T. ) ;
#2275 = EDGE_CURVE ( 'NONE', #901, #941, #2420, .T. ) ;
#2276 = EDGE_CURVE ( 'NONE', #917, #898, #2418, .T. ) ;
#2277 = EDGE_CURVE ( 'NONE', #895, #899, #1941, .T. ) ;
#2278 = EDGE_CURVE ( 'NONE', #905, #924, #2005, .T. ) ;
#2279 = EDGE_CURVE ( 'NONE', #896, #902, #1920, .T. ) ;
#2280 = EDGE_CURVE ( 'NONE', #2101, #2162, #1319, .T. ) ;
#2281 = EDGE_CURVE ( 'NONE', #2160, #2099, #2061, .T. ) ;
#2282 = EDGE_CURVE ( 'NONE', #2132, #2110, #1331, .T. ) ;
#2283 = EDGE_CURVE ( 'NONE', #2162, #2160, #1330, .T. ) ;
#2284 = CC_DESIGN_PERSON_AND_ORGANIZATION_ASSIGNMENT ( #763, #764, ( #2300 ) ) ;
#2285 = PRODUCT_DEFINITION ( '未知', '', #1954, #1242 ) ;
#2286 = APPROVAL ( #767, '未指定' ) ;
#2287 = CC_DESIGN_PERSON_AND_ORGANIZATION_ASSIGNMENT ( #773, #774, ( #2285 ) ) ;
#2288 = MANIFOLD_SOLID_BREP ( '切除-拉伸4[2]', #1236 ) ;
#2289 = MANIFOLD_SOLID_BREP ( '切除-拉伸5', #1211 ) ;
#2290 = MANIFOLD_SOLID_BREP ( '切除-拉伸4[3]', #1228 ) ;
#2291 = MANIFOLD_SOLID_BREP ( '扫描2', #1213 ) ;
#2292 = CC_DESIGN_DATE_AND_TIME_ASSIGNMENT ( #777, #778, ( #2285 ) ) ;
#2293 = APPROVAL ( #780, '未指定' ) ;
#2294 = CC_DESIGN_PERSON_AND_ORGANIZATION_ASSIGNMENT ( #786, #787, ( #1954 ) ) ;
#2295 = CC_DESIGN_PERSON_AND_ORGANIZATION_ASSIGNMENT ( #788, #789, ( #1954 ) ) ;
#2296 = CC_DESIGN_PERSON_AND_ORGANIZATION_ASSIGNMENT ( #791, #792, ( #2018 ) ) ;
#2297 = CC_DESIGN_DATE_AND_TIME_ASSIGNMENT ( #795, #796, ( #2018 ) ) ;
#2298 = APPROVAL ( #798, '未指定' ) ;
#2299 = PRODUCT_RELATED_PRODUCT_CATEGORY ( 'detail', '', ( #2300 ) ) ;
#2300 = PRODUCT ( 'AF2-1206', 'AF2-1206', '', ( #757 ) ) ;
#2301 = EDGE_CURVE ( 'NONE', #2098, #2130, #2228, .T. ) ;
#2302 = EDGE_CURVE ( 'NONE', #2096, #2098, #1369, .T. ) ;
#2303 = EDGE_CURVE ( 'NONE', #2096, #2138, #1947, .T. ) ;
#2304 = EDGE_CURVE ( 'NONE', #2098, #2139, #1373, .T. ) ;
#2305 = EDGE_CURVE ( 'NONE', #2137, #2139, #2229, .T. ) ;
#2306 = EDGE_CURVE ( 'NONE', #2130, #2098, #2230, .T. ) ;
#2307 = ADVANCED_FACE ( 'NONE', ( #1410 ), #1442, .F. ) ;
#2308 = ADVANCED_FACE ( 'NONE', ( #1446 ), #1447, .F. ) ;
#2309 = ADVANCED_FACE ( 'NONE', ( #1451 ), #1452, .F. ) ;
#2310 = ADVANCED_FACE ( 'NONE', ( #1456 ), #1458, .F. ) ;
#2311 = ADVANCED_FACE ( 'NONE', ( #1460 ), #1461, .T. ) ;
#2312 = ADVANCED_FACE ( 'NONE', ( #1466 ), #1467, .F. ) ;
#2313 = ADVANCED_FACE ( 'NONE', ( #1472, #1468 ), #1471, .T. ) ;
#2314 = ADVANCED_FACE ( 'NONE', ( #1476 ), #1477, .F. ) ;
#2315 = ADVANCED_FACE ( 'NONE', ( #1482 ), #1483, .F. ) ;
#2316 = ADVANCED_FACE ( 'NONE', ( #1488, #1484 ), #1487, .F. ) ;
#2317 = ADVANCED_FACE ( 'NONE', ( #1492 ), #1493, .F. ) ;
#2318 = ADVANCED_FACE ( 'NONE', ( #1498 ), #1499, .F. ) ;
#2319 = ADVANCED_FACE ( 'NONE', ( #1503 ), #1504, .F. ) ;
#2320 = ADVANCED_FACE ( 'NONE', ( #1508 ), #1509, .F. ) ;
#2321 = ADVANCED_FACE ( 'NONE', ( #1513 ), #1514, .F. ) ;
#2322 = ADVANCED_FACE ( 'NONE', ( #1518 ), #1520, .F. ) ;
#2323 = ADVANCED_FACE ( 'NONE', ( #1522 ), #1525, .F. ) ;
#2324 = ADVANCED_FACE ( 'NONE', ( #1527 ), #1530, .F. ) ;
#2325 = ADVANCED_FACE ( 'NONE', ( #1532 ), #1535, .T. ) ;
#2326 = ADVANCED_FACE ( 'NONE', ( #1537 ), #1538, .T. ) ;
#2327 = ADVANCED_FACE ( 'NONE', ( #1543 ), #1544, .F. ) ;
#2328 = ADVANCED_FACE ( 'NONE', ( #1548 ), #1549, .F. ) ;
#2329 = ADVANCED_FACE ( 'NONE', ( #1553 ), #1554, .F. ) ;
#2330 = EDGE_CURVE ( 'NONE', #2134, #2135, #1558, .T. ) ;
#2331 = EDGE_CURVE ( 'NONE', #2162, #2163, #1550, .T. ) ;
#2332 = EDGE_CURVE ( 'NONE', #2163, #2134, #1563, .T. ) ;
#2333 = EDGE_CURVE ( 'NONE', #2135, #2149, #1566, .T. ) ;
#2334 = EDGE_CURVE ( 'NONE', #2109, #2149, #1569, .T. ) ;
#2335 = ADVANCED_FACE ( 'NONE', ( #1557 ), #1573, .T. ) ;
#2336 = EDGE_CURVE ( 'NONE', #2159, #2143, #1580, .T. ) ;
#2337 = EDGE_CURVE ( 'NONE', #2159, #2141, #1577, .T. ) ;
#2338 = EDGE_CURVE ( 'NONE', #2141, #2110, #1584, .T. ) ;
#2339 = EDGE_CURVE ( 'NONE', #2164, #2147, #1587, .T. ) ;
#2340 = EDGE_CURVE ( 'NONE', #2109, #2131, #1590, .T. ) ;
#2341 = EDGE_CURVE ( 'NONE', #2146, #2168, #1980, .T. ) ;
#2342 = EDGE_CURVE ( 'NONE', #2146, #2161, #1579, .T. ) ;
#2343 = EDGE_CURVE ( 'NONE', #2165, #2147, #1609, .T. ) ;
#2344 = EDGE_CURVE ( 'NONE', #2166, #2142, #1913, .T. ) ;
#2345 = EDGE_CURVE ( 'NONE', #2142, #2160, #1610, .T. ) ;
#2346 = EDGE_CURVE ( 'NONE', #2139, #2137, #2231, .T. ) ;
#2347 = EDGE_CURVE ( 'NONE', #2142, #2163, #1650, .T. ) ;
#2348 = EDGE_CURVE ( 'NONE', #2141, #2167, #1653, .T. ) ;
#2349 = EDGE_CURVE ( 'NONE', #2140, #2096, #2055, .T. ) ;
#2350 = EDGE_CURVE ( 'NONE', #2146, #2140, #1620, .T. ) ;
#2351 = EDGE_CURVE ( 'NONE', #2149, #2138, #1657, .T. ) ;
#2352 = EDGE_CURVE ( 'NONE', #2159, #2134, #1664, .T. ) ;
#2353 = EDGE_CURVE ( 'NONE', #2140, #2144, #1656, .T. ) ;
#2354 = EDGE_CURVE ( 'NONE', #2143, #2135, #1669, .T. ) ;
#2355 = EDGE_CURVE ( 'NONE', #2145, #2154, #1672, .T. ) ;
#2356 = EDGE_CURVE ( 'NONE', #2145, #2148, #1986, .T. ) ;
#2357 = EDGE_CURVE ( 'NONE', #2153, #2154, #2232, .T. ) ;
#2358 = EDGE_CURVE ( 'NONE', #2153, #2156, #1682, .T. ) ;
#2359 = EDGE_CURVE ( 'NONE', #2156, #2157, #2022, .T. ) ;
#2360 = EDGE_CURVE ( 'NONE', #2148, #2157, #1678, .T. ) ;
#2361 = EDGE_CURVE ( 'NONE', #2154, #2153, #2233, .T. ) ;
#2362 = EDGE_CURVE ( 'NONE', #2153, #2136, #1722, .T. ) ;
#2363 = EDGE_CURVE ( 'NONE', #2155, #2136, #2234, .T. ) ;
#2364 = DIRECTION ( 'NONE',  ( 0.0000000000000000000, 0.0000000000000000000, 1.000000000000000000 ) ) ;
#2365 = FACE_OUTER_BOUND ( 'NONE', #972, .T. ) ;
#2366 = CARTESIAN_POINT ( 'NONE',  ( 1.000000000000000000, 0.0000000000000000000, 0.6400000000000000100 ) ) ;
#2367 = DIRECTION ( 'NONE',  ( -0.0000000000000000000, 1.000000000000000000, -0.0000000000000000000 ) ) ;
#2368 = DIRECTION ( 'NONE',  ( 1.000000000000000000, 0.0000000000000000000, 0.0000000000000000000 ) ) ;
#2369 = CARTESIAN_POINT ( 'NONE',  ( -1.599999999999999900, -0.7999999999999999300, 1.080000000000000100 ) ) ;
#2370 = FACE_OUTER_BOUND ( 'NONE', #1151, .T. ) ;
#2371 = LINE ( 'NONE', #2369, #1225 ) ;
#2372 = DIRECTION ( 'NONE',  ( 1.000000000000000000, -0.0000000000000000000, -0.0000000000000000000 ) ) ;
#2373 = CARTESIAN_POINT ( 'NONE',  ( -5.000000000000000000, 1.146659159242019700E-016, 0.5910000000000000800 ) ) ;
#2374 = DIRECTION ( 'NONE',  ( 1.000000000000000000, -0.0000000000000000000, -0.0000000000000000000 ) ) ;
#2375 = CARTESIAN_POINT ( 'NONE',  ( -5.000000000000000000, 1.084202172485504400E-016, 0.4889999999999999300 ) ) ;
#2376 = DIRECTION ( 'NONE',  ( -1.741690236924505800E-016, 1.000000000000000000, 0.0000000000000000000 ) ) ;
#2377 = CARTESIAN_POINT ( 'NONE',  ( 1.550000000000000300, 2.699619867232984400E-016, 1.000000000000000000 ) ) ;
#2378 = FACE_OUTER_BOUND ( 'NONE', #1103, .T. ) ;
#2379 = LINE ( 'NONE', #2377, #1209 ) ;
#2380 = DIRECTION ( 'NONE',  ( 1.000000000000000000, 0.0000000000000000000, 0.0000000000000000000 ) ) ;
#2381 = CARTESIAN_POINT ( 'NONE',  ( -1.599999999999999900, -0.7999999999999999300, 1.000000000000000000 ) ) ;
#2382 = LINE ( 'NONE', #2381, #1235 ) ;
#2383 = DIRECTION ( 'NONE',  ( -1.000000000000000000, 0.0000000000000000000, 0.0000000000000000000 ) ) ;
#2384 = LINE ( 'NONE', #2373, #1230 ) ;
#2385 = CARTESIAN_POINT ( 'NONE',  ( -1.600000000000000100, 0.8000000000000001600, 1.000000000000000000 ) ) ;
#2386 = CARTESIAN_POINT ( 'NONE',  ( 0.9499999999999730900, -3.843036662378502400E-014, 0.5910000000003504700 ) ) ;
#2387 = CARTESIAN_POINT ( 'NONE',  ( 0.9500000000000007300, -0.001839740617565234300, 0.5909999999999978600 ) ) ;
#2388 = ADVANCED_FACE ( 'NONE', ( #1754 ), #1786, .F. ) ;
#2389 = ADVANCED_FACE ( 'NONE', ( #1790 ), #1792, .T. ) ;
#2390 = ADVANCED_FACE ( 'NONE', ( #1794 ), #1795, .F. ) ;
#2391 = ADVANCED_FACE ( 'NONE', ( #1800 ), #1801, .F. ) ;
#2392 = ADVANCED_FACE ( 'NONE', ( #1805 ), #1807, .F. ) ;
#2393 = ADVANCED_FACE ( 'NONE', ( #1809 ), #1810, .F. ) ;
#2394 = ADVANCED_FACE ( 'NONE', ( #1815 ), #1816, .F. ) ;
#2395 = ADVANCED_FACE ( 'NONE', ( #1820 ), #1821, .F. ) ;
#2396 = ADVANCED_FACE ( 'NONE', ( #1825 ), #1826, .F. ) ;
#2397 = ADVANCED_FACE ( 'NONE', ( #1830 ), #1831, .F. ) ;
#2398 = ADVANCED_FACE ( 'NONE', ( #1835 ), #1837, .F. ) ;
#2399 = ADVANCED_FACE ( 'NONE', ( #1839 ), #1842, .F. ) ;
#2400 = ADVANCED_FACE ( 'NONE', ( #1844 ), #1847, .F. ) ;
#2401 = ADVANCED_FACE ( 'NONE', ( #1849 ), #1852, .F. ) ;
#2402 = ADVANCED_FACE ( 'NONE', ( #1854 ), #1857, .F. ) ;
#2403 = ADVANCED_FACE ( 'NONE', ( #1859 ), #1862, .F. ) ;
#2404 = ADVANCED_FACE ( 'NONE', ( #1864 ), #1865, .T. ) ;
#2405 = ADVANCED_FACE ( 'NONE', ( #1870 ), #1871, .T. ) ;
#2406 = ADVANCED_FACE ( 'NONE', ( #1875 ), #1877, .T. ) ;
#2407 = ADVANCED_FACE ( 'NONE', ( #1879 ), #1882, .T. ) ;
#2408 = ADVANCED_FACE ( 'NONE', ( #1884 ), #1887, .T. ) ;
#2409 = ADVANCED_FACE ( 'NONE', ( #1889 ), #1998, .T. ) ;
#2410 = EDGE_CURVE ( 'NONE', #2101, #2165, #383, .T. ) ;
#2411 = EDGE_CURVE ( 'NONE', #2165, #2109, #1891, .T. ) ;
#2412 = EDGE_CURVE ( 'NONE', #2161, #2144, #388, .T. ) ;
#2413 = EDGE_CURVE ( 'NONE', #2123, #2107, #391, .T. ) ;
#2414 = EDGE_CURVE ( 'NONE', #2120, #2125, #394, .T. ) ;
#2415 = EDGE_CURVE ( 'NONE', #2125, #2128, #397, .T. ) ;
#2416 = EDGE_CURVE ( 'NONE', #2128, #2105, #400, .T. ) ;
#2417 = AXIS2_PLACEMENT_3D ( 'NONE', #1310, #1311, #1312 ) ;
#2418 = CIRCLE ( 'NONE', #2445, 0.05100000000000004500 ) ;
#2419 = AXIS2_PLACEMENT_3D ( 'NONE', #1307, #1308, #1309 ) ;
#2420 = CIRCLE ( 'NONE', #2417, 0.05100000000000004500 ) ;
#2421 = AXIS2_PLACEMENT_3D ( 'NONE', #275, #276, #277 ) ;
#2422 = VECTOR ( 'NONE', #278, 1000.000000000000000 ) ;
#2423 = CIRCLE ( 'NONE', #2419, 0.05100000000000004500 ) ;
#2424 = CIRCLE ( 'NONE', #2421, 0.05100000000000004500 ) ;
#2425 = VECTOR ( 'NONE', #274, 1000.000000000000000 ) ;
#2426 = VECTOR ( 'NONE', #271, 1000.000000000000000 ) ;
#2427 = CIRCLE ( 'NONE', #2430, 0.04900000000000064700 ) ;
#2428 = VECTOR ( 'NONE', #258, 1000.000000000000000 ) ;
#2429 = CIRCLE ( 'NONE', #2433, 0.05100000000000004500 ) ;
#2430 = AXIS2_PLACEMENT_3D ( 'NONE', #254, #255, #256 ) ;
#2431 = VECTOR ( 'NONE', #266, 1000.000000000000000 ) ;
#2432 = AXIS2_PLACEMENT_3D ( 'NONE', #262, #263, #264 ) ;
#2433 = AXIS2_PLACEMENT_3D ( 'NONE', #250, #251, #252 ) ;
#2434 = CIRCLE ( 'NONE', #2432, 0.05100000000000004500 ) ;
#2435 = AXIS2_PLACEMENT_3D ( 'NONE', #174, #175, #176 ) ;
#2436 = VECTOR ( 'NONE', #268, 1000.000000000000000 ) ;
#2437 = VECTOR ( 'NONE', #178, 1000.000000000000000 ) ;
#2438 = AXIS2_PLACEMENT_3D ( 'NONE', #166, #167, #168 ) ;
#2439 = VECTOR ( 'NONE', #170, 1000.000000000000000 ) ;
#2440 = CIRCLE ( 'NONE', #2438, 0.6499999999999995800 ) ;
#2441 = VECTOR ( 'NONE', #165, 1000.000000000000000 ) ;
#2442 = AXIS2_PLACEMENT_3D ( 'NONE', #159, #160, #161 ) ;
#2443 = VECTOR ( 'NONE', #162, 1000.000000000000000 ) ;
#2444 = CIRCLE ( 'NONE', #2435, 0.5999999999999998700 ) ;
#2445 = AXIS2_PLACEMENT_3D ( 'NONE', #1313, #1314, #1315 ) ;
#2446 = CIRCLE ( 'NONE', #2442, 0.6499999999999998000 ) ;
#2447 = VECTOR ( 'NONE', #153, 1000.000000000000000 ) ;
#2448 = VECTOR ( 'NONE', #149, 1000.000000000000000 ) ;
#2449 = VECTOR ( 'NONE', #146, 1000.000000000000000 ) ;
#2450 = VECTOR ( 'NONE', #143, 1000.000000000000000 ) ;
#2451 = VECTOR ( 'NONE', #140, 1000.000000000000000 ) ;
#2452 = VECTOR ( 'NONE', #137, 1000.000000000000000 ) ;
#2453 = VECTOR ( 'NONE', #134, 1000.000000000000000 ) ;
#2454 = AXIS2_PLACEMENT_3D ( 'NONE', #128, #129, #130 ) ;
#2455 = VECTOR ( 'NONE', #156, 1000.000000000000000 ) ;
#2456 = VECTOR ( 'NONE', #131, 1000.000000000000000 ) ;
#2457 = VECTOR ( 'NONE', #122, 1000.000000000000000 ) ;
#2458 = CIRCLE ( 'NONE', #2454, 0.5999999999999996400 ) ;
#2459 = AXIS2_PLACEMENT_3D ( 'NONE', #86, #87, #88 ) ;
#2460 = VECTOR ( 'NONE', #89, 1000.000000000000000 ) ;
#2461 = CIRCLE ( 'NONE', #2459, 0.6499999999999995800 ) ;
#2462 = VECTOR ( 'NONE', #77, 1000.000000000000000 ) ;
#2463 = AXIS2_PLACEMENT_3D ( 'NONE', #40, #41, #42 ) ;
#2464 = VECTOR ( 'NONE', #34, 1000.000000000000000 ) ;
#2465 = AXIS2_PLACEMENT_3D ( 'NONE', #8, #2, #10 ) ;
#2466 = VECTOR ( 'NONE', #80, 1000.000000000000000 ) ;
#2467 = VECTOR ( 'NONE', #43, 1000.000000000000000 ) ;
#2468 = AXIS2_PLACEMENT_3D ( 'NONE', #3, #14, #15 ) ;
#2469 = CIRCLE ( 'NONE', #2463, 0.5999999999999996400 ) ;
#2470 = VECTOR ( 'NONE', #125, 1000.000000000000000 ) ;
#2471 = AXIS2_PLACEMENT_3D ( 'NONE', #1593, #804, #805 ) ;
#2472 = VECTOR ( 'NONE', #31, 1000.000000000000000 ) ;
#2473 = VECTOR ( 'NONE', #29, 1000.000000000000000 ) ;
#2474 = VECTOR ( 'NONE', #26, 1000.000000000000000 ) ;
#2475 = AXIS2_PLACEMENT_3D ( 'NONE', #4, #5, #6 ) ;
#2476 = VECTOR ( 'NONE', #83, 1000.000000000000000 ) ;
#2477 = AXIS2_PLACEMENT_3D ( 'NONE', #2263, #1594, #1599 ) ;
#2478 = VECTOR ( 'NONE', #36, 1000.000000000000000 ) ;
#2479 = EDGE_CURVE ( 'NONE', #2154, #2155, #403, .T. ) ;
#2480 = EDGE_CURVE ( 'NONE', #2158, #2152, #2009, .T. ) ;
#2481 = EDGE_CURVE ( 'NONE', #2158, #2150, #407, .T. ) ;
#2482 = EDGE_CURVE ( 'NONE', #2150, #2133, #2235, .T. ) ;
#2483 = EDGE_CURVE ( 'NONE', #2133, #907, #444, .T. ) ;
#2484 = EDGE_CURVE ( 'NONE', #2151, #907, #2058, .T. ) ;
#2485 = EDGE_CURVE ( 'NONE', #2152, #2151, #449, .T. ) ;
#2486 = EDGE_CURVE ( 'NONE', #2133, #2150, #2236, .T. ) ;
#2487 = EDGE_CURVE ( 'NONE', #2133, #911, #455, .T. ) ;
#2488 = EDGE_CURVE ( 'NONE', #911, #909, #2237, .T. ) ;
#2489 = EDGE_CURVE ( 'NONE', #2150, #909, #518, .T. ) ;
#2490 = EDGE_CURVE ( 'NONE', #909, #911, #2238, .T. ) ;
#2491 = EDGE_CURVE ( 'NONE', #920, #919, #553, .T. ) ;
#2492 = EDGE_CURVE ( 'NONE', #919, #936, #556, .T. ) ;
#2493 = EDGE_CURVE ( 'NONE', #936, #904, #559, .T. ) ;
#2494 = EDGE_CURVE ( 'NONE', #904, #914, #2048, .T. ) ;
#2495 = EDGE_CURVE ( 'NONE', #914, #923, #522, .T. ) ;
#2496 = EDGE_CURVE ( 'NONE', #923, #918, #568, .T. ) ;
#2497 = EDGE_CURVE ( 'NONE', #918, #2151, #571, .T. ) ;
#2498 = EDGE_CURVE ( 'NONE', #907, #920, #1999, .T. ) ;
#2499 = EDGE_CURVE ( 'NONE', #2152, #908, #562, .T. ) ;
#2500 = EDGE_CURVE ( 'NONE', #908, #925, #580, .T. ) ;
#2501 = EDGE_CURVE ( 'NONE', #925, #965, #583, .T. ) ;
#2502 = EDGE_CURVE ( 'NONE', #965, #927, #2074, .T. ) ;
#2503 = EDGE_CURVE ( 'NONE', #927, #922, #574, .T. ) ;
#2504 = EDGE_CURVE ( 'NONE', #922, #913, #592, .T. ) ;
#2505 = EDGE_CURVE ( 'NONE', #913, #912, #595, .T. ) ;
#2506 = EDGE_CURVE ( 'NONE', #912, #2158, #1924, .T. ) ;
#2507 = EDGE_CURVE ( 'NONE', #918, #908, #586, .T. ) ;
#2508 = EDGE_CURVE ( 'NONE', #913, #919, #604, .T. ) ;
#2509 = EDGE_CURVE ( 'NONE', #920, #912, #599, .T. ) ;
#2510 = EDGE_CURVE ( 'NONE', #925, #923, #610, .T. ) ;
#2511 = EDGE_CURVE ( 'NONE', #914, #965, #598, .T. ) ;
#2512 = EDGE_CURVE ( 'NONE', #2136, #2155, #2239, .T. ) ;
#2513 = EDGE_CURVE ( 'NONE', #927, #904, #646, .T. ) ;
#2514 = ADVANCED_FACE ( 'NONE', ( #647 ), #651, .T. ) ;
#2515 = ADVANCED_FACE ( 'NONE', ( #655 ), #656, .T. ) ;
#2516 = ADVANCED_FACE ( 'NONE', ( #660 ), #662, .F. ) ;
#2517 = ADVANCED_FACE ( 'NONE', ( #664 ), #665, .T. ) ;
#2518 = ADVANCED_FACE ( 'NONE', ( #671, #667 ), #670, .F. ) ;
#2519 = ADVANCED_FACE ( 'NONE', ( #675 ), #676, .T. ) ;
#2520 = ADVANCED_FACE ( 'NONE', ( #681 ), #682, .F. ) ;
#2521 = ADVANCED_FACE ( 'NONE', ( #686 ), #687, .F. ) ;
#2522 = ADVANCED_FACE ( 'NONE', ( #691 ), #693, .F. ) ;
#2523 = ADVANCED_FACE ( 'NONE', ( #696, #697 ), #695, .F. ) ;
#2524 = EDGE_CURVE ( 'NONE', #936, #922, #701, .T. ) ;
#2525 = EDGE_CURVE ( 'NONE', #906, #903, #2056, .T. ) ;
#2526 = EDGE_CURVE ( 'NONE', #926, #903, #705, .T. ) ;
#2527 = EDGE_CURVE ( 'NONE', #910, #926, #2071, .T. ) ;
#2528 = EDGE_CURVE ( 'NONE', #910, #906, #709, .T. ) ;
#2529 = EDGE_CURVE ( 'NONE', #915, #2145, #1939, .T. ) ;
#2530 = EDGE_CURVE ( 'NONE', #915, #916, #711, .T. ) ;
#2531 = EDGE_CURVE ( 'NONE', #916, #2156, #2034, .T. ) ;
#2532 = EDGE_CURVE ( 'NONE', #2157, #906, #721, .T. ) ;
#2533 = EDGE_CURVE ( 'NONE', #2148, #910, #727, .T. ) ;
#2534 = EDGE_CURVE ( 'NONE', #903, #916, #730, .T. ) ;
#2535 = EDGE_CURVE ( 'NONE', #926, #915, #733, .T. ) ;
#2536 = EDGE_CURVE ( 'NONE', #924, #899, #2033, .T. ) ;
#2537 = EDGE_CURVE ( 'NONE', #924, #905, #1971, .T. ) ;
#2538 = EDGE_CURVE ( 'NONE', #899, #895, #1930, .T. ) ;
#2539 = EDGE_CURVE ( 'NONE', #905, #895, #1984, .T. ) ;
#2540 = EDGE_CURVE ( 'NONE', #898, #917, #1988, .T. ) ;
#2541 = EDGE_CURVE ( 'NONE', #898, #900, #1916, .T. ) ;
ENDSEC;
END-ISO-10303-21;
